component_id,lot_id,N,T_ambient,V_stress,I_leak_0h,I_leak_24h,I_leak_96h,I_leak_168h,Y_spec_I_leak,I_ddq_0h,I_ddq_24h,I_ddq_96h,I_ddq_168h,Y_spec_I_ddq,t_pd_0h,t_pd_24h,t_pd_96h,t_pd_168h,Y_spec_t_pd,is_defect,defect_case,defect_param
C0001,4,49,125.0,3.3,10.117638055794131,10.292503786078225,10.821771383316966,11.407025528778325,50.0,1.9621960708268524,2.0003473423282534,2.119859054104531,2.245347089112306,10.0,7.906859713553766,8.093556317805316,8.6428589194239,9.310040078100904,40.0,False,,
C0002,2,53,125.0,5.0,9.28813278230047,9.366873035586176,9.605076317605183,9.853532254758738,50.0,2.0324089222320048,2.0731652829673832,2.193543143911298,2.335451949106192,10.0,8.766173876629145,9.058805953985457,10.000152875723586,11.031541785694582,40.0,False,,
C0003,4,49,125.0,3.3,10.223161073771532,10.669179193705721,12.127420238581761,13.784970612353098,50.0,1.920119425510702,2.0833161644591436,2.660945687613985,3.3987313463147304,10.0,7.63722520596164,8.347500487723329,10.899812336366177,14.23251297112569,40.0,True,compound,
C0004,2,53,125.0,5.0,9.596700547846314,9.798426196864503,10.394044159877826,11.101013223777795,50.0,1.9648475264856706,2.0278685378183257,2.2167819510932216,2.4507863557418164,10.0,8.001723056937264,8.198246349994278,8.7755945236852,9.482997875428063,40.0,False,,
C0005,5,49,125.0,3.3,9.358682674869739,9.553248631678347,10.188590965477925,10.808594754102819,50.0,2.0248933910396656,2.058725119510406,2.17734325203655,2.273922022256165,10.0,8.005954350083039,8.059462565489223,8.155429416792806,8.388106200672393,40.0,False,,
C0006,7,45,125.0,3.3,10.3569100682412,10.681462537252063,11.88816464218547,12.8538675489541,50.0,2.084630406230773,2.121862882063379,2.2495208414682732,2.3596457161843643,10.0,8.160976301337408,8.215823569599397,8.367556677590548,8.552735293977886,40.0,False,,
C0007,4,49,125.0,5.0,10.120822260838375,10.286675168459569,10.704756383729238,11.340452760753495,50.0,2.0319094834023574,2.0860454913533846,2.26332794666569,2.442532109494191,10.0,7.828210941642199,8.026519253546228,8.676625785384747,9.326434484764665,40.0,False,,
C0008,4,49,125.0,5.0,9.693011599303551,9.920994573475026,10.654857995658016,11.40601898024908,50.0,2.1259114849334737,2.1559891261879,2.2709748353043318,2.345605082832823,10.0,8.125898522235834,8.17908487661651,8.311771917736193,8.505593797349498,40.0,False,,
C0009,2,53,125.0,3.3,10.725589424510533,10.834065124013147,11.12367741419387,11.508350591666801,50.0,1.9905034689407328,2.0420304409594587,2.202667251728398,2.38044335073258,10.0,7.9324629659188135,8.073219204827597,8.61791610243537,8.971785738764614,40.0,False,,
C0010,1,121,125.0,5.0,9.77967378921513,10.01930682580859,10.805120309030206,11.58557312305934,50.0,1.9667831470160995,2.00438987997771,2.153740424198718,2.245621408593109,10.0,7.36721899302484,7.536970802324134,8.105794489339411,8.640847737331738,40.0,False,,
C0011,3,52,125.0,5.0,10.016053836985467,10.21668626778532,10.84554461372877,11.507752160056535,50.0,2.2703985107279387,2.2937972700705025,2.362759354751845,2.439341819626769,10.0,8.00382091450274,8.072846346669829,8.337537089615411,8.499681046601488,40.0,False,,
C0012,2,53,125.0,3.3,10.1344567238393,10.261156350038066,10.691410539177994,11.055319551391284,50.0,2.0394237649442033,2.060698284928909,2.128575227345246,2.193087770509965,10.0,7.559773866787939,7.633537427843485,7.89042447249729,8.091481519124315,40.0,False,,
C0013,1,121,125.0,5.0,9.690167032935694,9.861118114486958,10.453361300138722,10.95205322757946,50.0,1.9280518454021451,1.994512924203068,2.203569089470243,2.44425063273961,10.0,7.30624569502044,7.445493892692756,7.9523621816120045,8.338519455923018,40.0,False,,
C0014,5,49,125.0,5.0,10.235568146699965,10.421428075589706,11.010086125026964,11.609644578211032,50.0,1.9305736237751931,1.9661652644324374,2.0807922184865983,2.193925746209622,10.0,8.054749328275754,8.256412082992473,8.857211817089006,9.57695285457614,40.0,False,,
C0015,6,54,125.0,3.3,9.733273826417637,9.901644364451498,10.483438695101523,10.974825336790216,50.0,1.9057320085468659,1.9751074017387322,2.2079443119274966,2.4477330124373586,10.0,8.195153336807827,8.44604949447839,9.127393228707787,10.12121967638934,40.0,False,,
C0016,1,121,125.0,5.0,9.794180838891895,10.163552820211304,11.224246365180337,12.69141743119647,50.0,2.093656935585679,2.124776293101252,2.219672243624575,2.3214501601468247,10.0,8.21067921684183,8.424736011382496,9.080674700982591,9.831495802429416,40.0,False,,
C0017,8,52,125.0,5.0,10.68132131990167,10.884432412466602,11.608822521778093,12.186826526102006,50.0,1.963562270710676,2.0085515115846544,2.1688969738254955,2.30097948872614,10.0,8.226868282807878,8.397465279515645,8.95570342393165,9.497958197228622,40.0,False,,
C0018,4,49,125.0,5.0,9.479706973743783,9.646180476653488,10.182407363739479,10.708242641317577,50.0,2.0127362475656487,2.101149244208216,2.393238592444184,2.719425101423423,10.0,7.226964391623756,7.317576450324499,7.602041206903339,7.885611730638259,40.0,False,,
C0019,3,52,125.0,5.0,8.793609834535255,8.785040377543002,8.806588289006491,8.73379872240767,50.0,1.9936491325561732,2.0124415335445534,2.0726876418314313,2.1289748673574094,10.0,7.455593228837012,7.524862623944427,7.747212291908088,7.954205349095955,40.0,False,,
C0020,4,49,125.0,5.0,10.805468497505947,10.924954573735542,11.222528496491519,11.670134723651108,50.0,2.0731492407940935,2.0752676987136227,2.072175057922045,2.088023983625536,10.0,8.789408574725469,8.920293671612068,9.386345570656346,9.747565180960654,40.0,False,,
C0021,2,53,125.0,3.3,11.2746639763035,11.470496611211162,12.028467826244242,12.719027400305839,50.0,1.915325590711598,1.978274492557944,2.18436988813535,2.401873836261633,10.0,7.5811164959691855,28.914239942828285,31.675040646377187,33.77272924012774,40.0,True,single,t_pd
C0022,3,52,125.0,5.0,9.797365367275335,9.926117182054579,10.330146113892132,10.734948370711697,50.0,1.8924427713856984,1.9146447376652422,1.9814969612387257,2.0534346533222276,10.0,8.244336412454675,8.436975531522203,9.078443709442686,9.69110496070303,40.0,False,,
C0023,7,45,125.0,3.3,9.031580979689908,9.337002639482145,10.315768479999083,11.399077053211997,50.0,2.0224297307181596,2.062459553668688,2.180713693491881,2.3198368209402926,10.0,7.7252249513336615,7.717507298205546,7.65825370807562,7.67136302198066,40.0,False,,
C0024,1,121,125.0,5.0,9.844758011902028,10.025415447282098,10.602508246416726,11.181147512981928,50.0,2.06009592846999,2.0892273698417125,2.1706565897128836,2.272873598355121,10.0,8.031869095707027,8.12940192719568,8.382998038838503,8.739980078478338,40.0,False,,
C0025,6,54,125.0,3.3,9.856888525079665,10.181026808944358,11.27964474995525,12.362377390561615,50.0,2.033253231309764,2.0793707243449036,2.2538060368787907,2.378891581604868,10.0,7.746698319090562,7.994941851725966,8.859357824721842,9.660671282639584,40.0,False,,
C0026,6,54,125.0,3.3,9.905038079488872,10.109250708578148,10.652640646170012,11.426043496415636,50.0,1.9190546270902673,1.9391944105659062,1.9982548692106297,2.064550120802107,10.0,8.224616461847859,8.395623924946777,8.934782637587222,9.498978559626899,40.0,False,,
C0027,5,49,125.0,3.3,9.443305979039076,9.635687637122523,10.286512448701227,10.875134067718072,50.0,2.0677484842091394,2.1053827454536305,2.20625506700054,2.346016967697211,10.0,8.05470964692668,8.101667886243696,8.218501467731599,8.389222518646905,40.0,False,,
C0028,7,45,125.0,5.0,10.28978057123824,10.486439223038335,11.099714783262527,11.74788340126073,50.0,1.9256139072904366,1.9727878919215416,2.1139519522623447,2.281116537761547,10.0,7.820684090542307,8.161339104704027,9.246130556374993,10.540507041123428,40.0,False,,
C0029,2,53,125.0,3.3,10.262253687643042,10.46788834236792,11.098527296963871,11.791175191851673,50.0,1.9478461355213617,1.9671627525563773,2.025747136604436,2.0871523920684685,10.0,7.579931152127716,7.729336011786579,8.168853764917019,8.689679253004783,40.0,False,,
C0030,1,121,125.0,3.3,9.252797190090346,9.596889749637764,10.629102630734248,11.947451625376912,50.0,1.9056046475277997,1.9303759066728237,2.0121233306611512,2.0859140005615524,10.0,8.107109678997004,8.300410248192113,8.876829251781784,9.560940477026893,40.0,False,,
C0031,5,49,125.0,5.0,10.349598365847443,10.316519939294526,10.243618191632553,10.12025775741074,50.0,2.130115834865203,2.1653184948164212,2.280764982679588,2.389093642599818,10.0,7.514912480382964,7.69523466574488,8.209569705240863,8.871754479357561,40.0,False,,
C0032,6,54,125.0,5.0,11.026342490972945,11.0261720518971,10.892575079574062,11.025149472766207,50.0,2.063342154102735,2.075127646026073,2.1180308564519263,2.1472677874593344,10.0,8.170992416848335,8.304376067520675,8.65233260835174,9.151667071657407,40.0,False,,
C0033,8,52,125.0,3.3,10.08598016621853,10.232915667253897,10.72133689168925,11.160588768597867,50.0,2.0604993375678875,2.093002458067857,2.186547705498232,2.2990758167284455,10.0,9.05059396361476,9.16575610315928,9.510827146340661,9.88816232265248,40.0,False,,
C0034,7,45,125.0,5.0,9.831337418965747,10.029392452438174,10.568381552569868,11.304380566125413,50.0,2.124721142114245,2.169739660155947,2.314532695682244,2.4606041700893364,10.0,8.540068020504805,8.892061867813569,10.00775071638029,11.33050720069173,40.0,False,,
C0035,1,121,125.0,3.3,9.92899839279624,10.1960988178956,11.044241362859768,11.956542414939939,50.0,2.2812649248238723,2.3177754534583883,2.4202027473999377,2.5494422292059666,10.0,8.287339154757666,8.536225010688478,9.380275974651317,10.194602709178616,40.0,False,,
C0036,5,49,125.0,3.3,10.30762838348428,10.562545021456476,11.35897608498245,12.230029236070344,50.0,1.8290773896089845,1.8606952513282362,1.9527971257627819,2.0622165019959042,10.0,7.965757080903541,8.190545743319507,8.916740500825428,9.678934064884348,40.0,False,,
C0037,2,53,125.0,5.0,9.13466419724639,9.282257907358034,9.79645589291621,10.219270560249639,50.0,1.9261623419122893,1.9643022502601213,2.0737539562396368,2.2095349341875337,10.0,7.22449894919859,7.410622934782589,8.008873171280213,8.632500652057251,40.0,False,,
C0038,1,121,125.0,3.3,10.082195351488652,10.386581234388085,11.345850225693942,12.415885722855776,50.0,1.9383824915825476,1.9644393249487135,2.0325806728316342,2.1283030415990662,10.0,7.471085441639926,7.545548450987972,7.744537164294956,8.008173354313493,40.0,False,,
C0039,7,45,125.0,5.0,9.804768025268595,10.101871655260073,11.009953695476776,12.083395413363425,50.0,1.9149180377617308,1.9664496802429694,2.1408466298491033,2.306103120022427,10.0,8.513117142441086,8.79213712704281,9.679414638013778,10.669142462796115,40.0,False,,
C0040,4,49,125.0,5.0,10.923912506478022,11.162497073057008,11.879805314333462,12.70750320074989,50.0,1.8922416752396287,1.9572586852692453,2.173480953770677,2.3970549104406804,10.0,7.684097567950088,7.772992383240217,8.060417810673359,8.328378823417461,40.0,False,,
C0041,8,52,125.0,5.0,9.91291363309752,10.206599319502564,11.211805836392108,12.160726686807449,50.0,1.9700346935944635,2.0002869326298525,2.104084651679096,2.1918096674065057,10.0,7.720299160734381,7.896575732249164,8.480183543054457,9.042049010585549,40.0,False,,
C0042,1,121,125.0,3.3,10.833943805559759,11.080160916299713,11.88468102944413,12.67952551357492,50.0,1.8783396284710596,1.9250200916989673,2.0725454440240694,2.2304995479541407,10.0,7.933739809726392,7.9623496763544415,8.045021203583469,8.1361885160488,40.0,False,,
C0043,2,53,125.0,5.0,9.448129651108996,9.584042599791758,9.98433664611077,10.441576693700274,50.0,2.0335042367537413,2.0693016964810638,2.188988901142159,2.2977152522506565,10.0,7.575181496461378,7.572086364367461,7.603614586576035,7.553542111069692,40.0,False,,
C0044,8,52,125.0,5.0,10.293629583401396,10.571332855646686,11.43667134911238,12.402151037278816,50.0,2.0051698321428613,2.05260187076873,2.1823472924267375,2.3617072927278238,10.0,7.509292506179346,7.683379773731592,8.230561864674147,8.816007902482477,40.0,False,,
C0045,1,121,125.0,3.3,10.159700131895615,10.374132096094048,10.958419974036682,11.759181053975828,50.0,2.0481028664763654,2.1211336992671668,2.3663937928715826,2.617373580394307,10.0,7.9798103708874315,8.074841991070787,8.399949209218256,8.669275470984656,40.0,False,,
C0046,3,52,125.0,3.3,9.56547637606761,9.756914066313737,10.374635620941984,10.988735981550965,50.0,2.0507728451638254,2.102219753849652,2.2664399500109247,2.4391664603333396,10.0,7.643388218131186,7.644216182710387,7.6279718486964345,7.6491858539878015,40.0,False,,
C0047,3,52,125.0,3.3,10.08869805731847,10.439073856887532,11.463156065328883,12.812180423629233,50.0,2.0603006853426677,2.0649690271524586,2.085556537447785,2.0932020522449704,10.0,7.7035925680884425,7.8993107729416225,8.439621189277437,9.182576760751703,40.0,False,,
C0048,1,121,125.0,5.0,10.6062594184158,10.558438750817505,10.45542108607501,10.27600868512079,50.0,1.9626591063176118,2.010822675046842,2.1666307456247242,2.325665098007645,10.0,7.687523589541198,8.004255770723878,9.047045829781055,10.198303581298653,40.0,False,,
C0049,3,52,125.0,5.0,9.838104147856699,9.895392985665856,10.075744519702623,10.246200042827894,50.0,2.2121143402633665,2.28362898273028,2.4999470026765045,2.763970457840174,10.0,8.208944085533787,8.4871911919061,9.41382720266646,10.366308152757227,40.0,False,,
C0050,1,121,125.0,3.3,9.154018675415118,9.228434400402783,9.568178067531269,9.687806175444264,50.0,2.0234431116482097,2.059428101443671,2.1550053147928447,2.289182664047375,10.0,7.907149723801857,8.044946207823818,8.497286245469754,8.923644032668491,40.0,False,,
C0051,7,45,125.0,5.0,9.991218586761278,10.15474879315822,10.602928855117131,11.193696496147506,50.0,1.8137515247375204,1.8680848967090506,2.03378059987552,2.230023919422645,10.0,7.928571212842458,8.087843943539768,8.603240389972122,9.112966050311645,40.0,False,,
C0052,6,54,125.0,5.0,9.548788452603743,53.16040022537559,58.232915126482354,61.95976445204216,50.0,1.8997624254233783,1.924647118189034,2.0069268671944984,2.080951862720091,10.0,8.238778358923554,8.476690077076748,9.216354122587294,10.055582113191122,40.0,True,single,I_leak
C0053,4,49,125.0,5.0,9.82882953066806,9.87725365288977,10.11409200567582,10.17284976595872,50.0,1.8259497010972185,1.8353434972761837,1.8702468625850612,1.892729896609205,10.0,7.943184156706824,8.191180534930455,8.946367362093081,9.850486881756735,40.0,False,,
C0054,5,49,125.0,3.3,9.95920611515744,10.060276318462723,10.431454551937497,10.688605342039049,50.0,2.001733462915131,2.0445939596626754,2.16385866927537,2.3217316302205666,10.0,7.888698492617131,8.01937196539687,8.447763994230073,8.850144475093783,40.0,False,,
C0055,8,52,125.0,3.3,9.147173891992242,9.251374684562792,9.537835614452593,9.901985388349187,50.0,1.9878194775946667,1.9926602807721485,1.9974069602280562,2.021953665192388,10.0,8.188180142228068,8.354742278004657,8.893958470273638,9.427728580747354,40.0,False,,
C0056,6,54,125.0,3.3,9.192170830339661,9.601904867515994,10.956236586446082,12.473641864487156,50.0,1.9531574302100543,1.9875374734604345,2.086777856598701,2.206905714274652,10.0,8.267279137423053,8.457477385375162,9.029337540924757,9.694162774180006,40.0,False,,
C0057,4,49,125.0,5.0,10.241033417762763,10.630371081088652,11.889584876748724,13.29769216622035,50.0,2.2010926112400515,2.273439053426257,2.5005857076330784,2.7602811335149995,10.0,7.941170600196559,8.143978275707923,8.832736500166686,9.47434268644492,40.0,False,,
C0058,6,54,125.0,5.0,9.73864065191516,9.893314668778803,10.386855633318385,10.874335097168785,50.0,2.054898287407691,2.0567525679121177,2.0482804944623227,2.067913442058355,10.0,8.032243110248208,8.18219894910836,8.610894024128557,9.142588595489586,40.0,False,,
C0059,3,52,125.0,5.0,8.717627829089716,8.860284547573805,9.269917807866493,9.766607631509608,50.0,2.0726098361446335,2.087543056422259,2.1178252688419947,2.1794291880903014,10.0,7.687283908106669,7.831798292548622,8.257683922295687,8.75775781540618,40.0,False,,
C0060,5,49,125.0,3.3,10.392422018304067,10.480840329431121,10.74583321977649,11.0273735671525,50.0,1.9068926512057898,1.9253507571888455,1.9736604383032155,2.0399125520920594,10.0,7.65572678273419,7.914477511614705,8.815941778847339,9.661336088486856,40.0,False,,
C0061,4,49,125.0,3.3,10.13618487763712,10.15871373913471,10.226601207293353,10.294942345911798,50.0,1.9000855108668988,2.0101745556476893,2.3802120372278184,2.8183668558767403,10.0,8.307659000786723,8.94282090709078,11.154809241363157,13.913928334686906,40.0,True,compound,
C0062,7,45,125.0,3.3,9.643062587981758,9.824653010213071,10.397220257655393,10.988303145550939,50.0,2.0036805499096957,2.036426364806142,2.1252898710550583,2.244450763388219,10.0,8.177976825017849,8.380578887573995,9.002856826658055,9.706057874178125,40.0,False,,
C0063,1,121,125.0,5.0,9.341584894470879,9.435201402224395,9.743592552901676,10.016934528788042,50.0,2.0173007139652226,2.0858715164618293,2.304553268048112,2.549112614985571,10.0,8.18211937536663,8.486421319175994,9.482536285307225,10.565188613607749,40.0,False,,
C0064,9,13,125.0,3.3,10.417903948157168,10.617422380232263,11.226418193053364,11.897386468439409,50.0,1.8143688432885543,1.86797161889381,2.0492592874567217,2.2245308727663233,10.0,8.112341739490208,8.243238773410429,8.655433100916888,9.074187190759774,40.0,False,,
C0065,3,52,125.0,5.0,10.174675311280215,10.215353068053531,10.254879779800937,10.462857629132333,50.0,1.9819692977150465,2.0314248414003155,2.1730826749419387,2.3551782219691293,10.0,8.018481310325981,8.308988759182402,9.11828149036386,10.286898918551517,40.0,False,,
C0066,1,121,125.0,5.0,11.191301141342036,11.329852307919266,11.81398813054261,12.197933107453563,50.0,2.0014072082873504,2.0443500080618278,2.176537266838989,2.3220630536129883,10.0,8.278564756329107,8.489048543761866,9.11167162918479,9.869219720100398,40.0,False,,
C0067,1,121,125.0,3.3,10.210094299362469,10.42947115193454,11.13655136978213,11.848339531219425,50.0,1.978485083422887,2.025834777572567,2.185935274307302,2.3347021060788737,10.0,8.374043504409114,8.815441525012133,10.281588345121763,11.997678119751473,40.0,False,,
C0068,9,13,125.0,3.3,10.193851570631008,10.435059464879126,11.15283830709502,12.007004234224498,50.0,1.9186609587653323,1.940495659017795,2.0033036263648403,2.076822104356434,10.0,8.364491202076259,8.432035980265715,8.622558606740665,8.84891421980022,40.0,False,,
C0069,2,53,125.0,3.3,9.916536034945718,10.156265512869078,10.895482236107403,11.721369477141183,50.0,1.946046481807886,2.0016491233711253,2.1719242634749665,2.370262246532763,10.0,7.959688833621605,8.064012873228194,8.395620975944444,8.719306517419968,40.0,False,,
C0070,3,52,125.0,5.0,10.408387933600395,10.47911407618088,10.613946928240118,10.913678440666171,50.0,1.9823140806427204,1.9999161524184341,2.065612880529591,2.1088598626514004,10.0,8.554797091963536,8.761720338230914,9.466166711735806,10.112707134346461,40.0,False,,
C0071,7,45,125.0,5.0,10.312542600624077,10.606933282658243,11.482321541858932,12.558400425194804,50.0,2.0090800023610047,2.066044994537039,2.2433755902827284,2.4434026611912114,10.0,8.09138427269293,8.285353691835311,8.8813086187304,9.55081442441497,40.0,False,,
C0072,8,52,125.0,3.3,10.625862504282598,10.75335035974415,11.115095347452659,11.551048838643174,50.0,2.060479158255057,2.126128960463522,2.3487971801087584,2.566361704207798,10.0,8.25295047702632,8.578953491163995,9.585323484581902,10.823924627667127,40.0,False,,
C0073,7,45,125.0,3.3,9.739338540681358,9.995761486280086,10.872626651001411,11.68246313622542,50.0,2.1080856204950873,2.154692539260322,2.305722209703832,2.4567879872354546,10.0,8.112835156333952,8.22086772317787,8.567567214993419,8.899952974954648,40.0,False,,
C0074,2,53,125.0,5.0,9.78229626352802,9.97690148193327,10.550411804321655,11.228582046500224,50.0,1.970565227647275,2.006504138933742,2.1146703599316896,2.236328143660271,10.0,8.09880268299367,8.334066301924429,9.066830923949116,9.896320455711887,40.0,False,,
C0075,6,54,125.0,3.3,9.76044841454401,9.821315791003155,10.038235408057613,10.194574524328791,50.0,1.9543843803884642,2.001295662317385,2.154048386646532,2.3073787046929604,10.0,7.705699203899872,34.54067806563628,42.261458296445554,49.67636369980308,40.0,True,single,t_pd
C0076,5,49,125.0,3.3,10.395400860589495,10.57043885889809,11.083523245612302,11.684326493912135,50.0,2.0437655673534305,2.0261581515488887,1.9774040573149412,1.9236538226599893,10.0,8.28054033533793,8.504499790013803,9.199940675008607,9.981351763659005,40.0,False,,
C0077,6,54,125.0,3.3,10.749187220148366,11.003444597220309,11.817506255464409,12.660383609180155,50.0,2.0610844916410853,2.1085359787398215,2.2690698097336854,2.4170873113288476,10.0,9.138117757963055,9.233063135747555,9.630614028574655,9.823814094854026,40.0,False,,
C0078,5,49,125.0,3.3,9.77057975342535,10.025881619854015,10.824856364210907,11.704045525270718,50.0,1.9565799566741116,1.9934936942057715,2.102685460364557,2.230069828936726,10.0,7.850081970083966,8.117593829639175,8.875515876511074,9.925355497260982,40.0,False,,
C0079,8,52,125.0,3.3,9.787613136103454,9.969566048854938,10.581965144689493,11.134558814079611,50.0,2.079039347696617,2.1195675562590983,2.246417093618137,2.3798774270385645,10.0,8.02839788616998,8.287660940693268,9.099073244135026,10.028835294520835,40.0,False,,
C0080,10,12,125.0,5.0,10.1570386119349,10.515762757541415,11.638551280689978,12.950389676405779,50.0,2.0979585341155973,2.1547404639485506,2.3337566518707664,2.529201149780471,10.0,7.8215178942610954,8.024844862652943,8.666933032941213,9.360741621589856,40.0,False,,
C0081,1,121,125.0,5.0,9.87711924999355,10.174174675300293,11.032594848494224,12.15381282341267,50.0,2.1291686465658675,2.170160063061853,2.3060208734162466,2.433223461724647,10.0,7.804792039375227,7.976836792186663,8.482800787253426,9.091738390694275,40.0,False,,
C0082,1,121,125.0,5.0,10.476026826569946,10.658660209015812,11.148318923197465,11.823300034295931,50.0,2.1778320906719824,2.196556941661231,2.2421507661366142,2.312335808820448,10.0,8.61777979124747,8.809620877468415,9.453492042616435,10.05375222599795,40.0,False,,
C0083,1,121,125.0,5.0,8.874111354690477,9.118160226689142,9.865015226942582,10.730038789090713,50.0,1.9133583861340562,1.9489200139962823,2.070092879177883,2.1766077110155795,10.0,7.730811592909014,7.879340909012984,8.376193138087558,8.832399462160021,40.0,False,,
C0084,1,121,125.0,5.0,9.586647476541552,9.963766390421702,11.116627900153297,12.559264592342613,50.0,2.0013898209332512,2.042769665933792,2.1771782255913346,2.3096473876113537,10.0,7.810367810653456,8.016622842727648,8.666577759028755,9.373704197741134,40.0,False,,
C0085,8,52,125.0,3.3,9.608791833019277,9.989346553887302,11.24687368761693,12.610922350108849,50.0,2.001127769661866,2.04345029947651,2.16153731998411,2.316859206932876,10.0,7.36500287050748,7.514596010730755,7.971051782269099,8.478166487171512,40.0,False,,
C0086,8,52,125.0,3.3,8.839821993806927,8.908065430134195,9.094743425524946,9.328733131794964,50.0,1.9901926431467492,2.0332190033452213,2.181057458433765,2.311630532034289,10.0,7.696955310183101,7.785583828238129,8.05312919487023,8.33920223789279,40.0,False,,
C0087,1,121,125.0,5.0,9.518180777815598,9.620355296885652,10.051447786972764,10.256851951847255,50.0,1.9350737080389864,1.993887739317481,2.205640109970784,2.386271458106912,10.0,7.316640042818661,7.386251167503928,7.59510210936089,7.818048569589142,40.0,False,,
C0088,1,121,125.0,3.3,9.542421942077038,9.874967597045893,10.848682048853492,12.128247704059588,50.0,1.8514437996768929,1.8683653562759313,1.9296815609990972,1.9731924242732226,10.0,8.252721879684772,8.355712856830143,8.66906345309797,9.0012182680096,40.0,False,,
C0089,3,52,125.0,5.0,9.899447672740585,9.992672647337198,10.288112573429075,10.57075086058071,50.0,2.0092679446029003,2.0529835964391996,2.205545422246682,2.3359913015934413,10.0,9.119878888734924,9.322534658002963,9.948563735929406,10.636619418796698,40.0,False,,
C0090,4,49,125.0,5.0,10.556482945830131,10.627998775559208,10.784300475002198,11.067383710069981,50.0,1.9231644340452088,1.9864351919141254,2.1899474224811066,2.4122498697828303,10.0,7.8533284825397915,8.008278121810115,8.502431495693111,9.004331043938633,40.0,False,,
C0091,7,45,125.0,3.3,9.877469674404649,10.026995390074209,10.463414139982207,10.972901405259881,50.0,2.0085993480747626,2.0139299398171477,2.013142415007617,2.0462118901317874,10.0,7.333296826803905,7.495754562899947,8.0351899151203,8.54893312830049,40.0,False,,
C0092,8,52,125.0,5.0,9.484593139864423,9.714141796320416,10.444042176031727,11.212922887063877,50.0,1.9205956458301148,1.9624578450756571,2.0742948723531294,2.2335039063894553,10.0,8.359999865771893,8.569067840379555,9.171403200935552,9.93796458942141,40.0,False,,
C0093,3,52,125.0,5.0,9.971522729393236,10.160742673107226,10.625228933517901,11.373896395036294,50.0,1.890034165415566,1.9167709950395888,2.001822203380787,2.085324634007634,10.0,7.709230016427937,7.815053003636378,8.09854871489384,8.481203284512327,40.0,False,,
C0094,7,45,125.0,3.3,10.524586810720674,10.666609413946535,11.117428966330097,11.55990911591811,50.0,2.02342983603769,2.0563973682337253,2.1521688301649204,2.265793772039961,10.0,8.519738772221416,8.815003965297368,9.678268317243448,10.814337292103803,40.0,False,,
C0095,3,52,125.0,3.3,9.512020591942548,9.638129775588721,10.121976174707047,10.430681805034192,50.0,2.0150921526806496,2.037161290740123,2.0952043837328223,2.1747454785201468,10.0,7.887188380884022,8.023817291256446,8.484666506971081,8.89475383437901,40.0,False,,
C0096,4,49,125.0,5.0,9.544712558039276,9.667616283957493,10.023128762165234,10.438995438064,50.0,2.0579281971320933,2.0955975290878968,2.212099121970098,2.336543319161367,10.0,7.747273724366888,7.868640423947933,8.254586579448185,8.637826846992485,40.0,False,,
C0097,8,52,125.0,5.0,10.279274479637111,10.394452760425164,10.761750776664229,11.113136068559626,50.0,2.2185863766417624,2.3038079503954245,2.587561845520971,2.8884566743711404,10.0,7.928816977701725,8.125640839139471,8.768011292081987,9.413540533242536,40.0,False,,
C0098,2,53,125.0,3.3,9.8892319421346,10.31265254827912,11.754759837078593,13.262253444608328,50.0,2.0277289531210845,2.0426443116578623,2.0728847325886495,2.1344688868945987,10.0,8.303110704374475,8.316685443261632,8.29780750026889,8.398601208171739,40.0,False,,
C0099,4,49,125.0,5.0,10.323742345354738,10.560931468699936,11.29643115523202,12.102988716455657,50.0,2.048508176706413,2.0655187837041864,2.1126505588374935,2.1705901639374554,10.0,7.909031747697737,8.004688762046618,8.372720943562376,8.603422273052672,40.0,False,,
C0100,5,49,125.0,3.3,9.993176604102352,10.281655534543933,11.165498977651364,12.196071795451509,50.0,1.8922438671132675,1.9054529673977867,1.960324390923885,1.9866666270112505,10.0,7.801310118882518,8.033872852778119,8.747280834661916,9.582292523068903,40.0,False,,
C0101,1,121,125.0,5.0,10.350831824044784,10.507224874311394,10.865665274929436,11.49647435966399,50.0,1.8713092559463624,1.9410607793518715,2.1546591699058006,2.417689623942132,10.0,7.920467358808451,7.941264769208476,8.010716814968342,8.06720106176161,40.0,False,,
C0102,2,53,125.0,5.0,9.48246094297968,9.654476892554245,10.222131650127752,10.754119461601782,50.0,2.1582829446773335,2.1914700045601427,2.3041012196224595,2.40158765118579,10.0,7.491257926199646,7.724803450332556,8.506224150589548,9.28717363197065,40.0,False,,
C0103,1,121,125.0,3.3,9.993957674605866,10.122524545214365,10.512282540255379,10.929412932531214,50.0,1.9076520220066697,1.9453159583936572,2.0578289346596343,2.18743976862254,10.0,8.158812640917592,8.44527969493358,9.32023288001509,10.388109065468191,40.0,False,,
C0104,8,52,125.0,5.0,9.894654992818422,9.830170701518727,9.590420932633055,9.451994957485345,50.0,1.8956055928531357,1.92588252875153,2.025157436558552,2.1179741981874884,10.0,7.285309362462036,7.404099585394687,7.750987902993602,8.158639990984593,40.0,False,,
C0105,2,53,125.0,5.0,9.392054537947935,9.450472245887362,9.63400885172618,9.808688495276456,50.0,1.9960901078783446,2.0171603783835677,2.0931366994877023,2.1483357172675954,10.0,7.822351418253794,8.001625066770288,8.572149077980718,9.166920141336844,40.0,False,,
C0106,2,53,125.0,5.0,9.218261026065656,9.235718690479672,9.261183340629119,9.341161165214544,50.0,1.9909807586622612,2.0261185697075432,2.143211032721177,2.250358038592586,10.0,8.303754083532297,8.562755404709543,9.523393575037781,10.295510736646929,40.0,False,,
C0107,8,52,125.0,3.3,10.34287451763733,10.317039694918382,10.212866558369463,10.16338028619979,50.0,1.9097493493556708,1.9948906276089156,2.2841098616594935,2.5916443609115345,10.0,8.121219313173087,8.245734725745354,8.643847812905875,9.033958272427096,40.0,False,,
C0108,5,49,125.0,3.3,9.82452380889101,9.903575958037198,10.175322249294561,10.391427245121303,50.0,1.96950267812869,2.0363096057613026,2.2376782055680873,2.48752363224016,10.0,8.236128229194556,8.472321898390543,9.296398432562956,10.038724572473104,40.0,False,,
C0109,1,121,125.0,3.3,9.488859859176335,9.804360243972582,10.742835235864053,11.930279717245464,50.0,2.1229375717650103,2.147288985802606,2.2344049737284757,2.299376749779827,10.0,7.9739817309124765,8.079944083219768,8.457031306728059,8.745951587263509,40.0,False,,
C0110,5,49,125.0,3.3,9.951910531538333,10.146526494515518,10.809820147226276,11.39680133811448,50.0,1.9194006391168204,1.970218193372078,2.1218019161074144,2.3046578831637383,10.0,8.467898472394207,8.596813564540811,9.012006500157504,9.412580543023687,40.0,False,,
C0111,6,54,125.0,3.3,10.564009428674652,10.911624894782811,11.940587068518134,13.251142212648846,50.0,1.860632751563383,1.882373821549712,1.9516625838066641,2.0182601862339595,10.0,8.369879678707917,8.470373771990038,8.735732241169252,9.099190028800134,40.0,False,,
C0112,4,49,125.0,5.0,8.859631077314038,9.073235238965774,9.713155523009672,10.46746141546569,50.0,2.0942593620899794,2.0989428037501057,2.1157845079781206,2.1272642228508634,10.0,8.17845640169907,8.37004878153084,9.01972046391425,9.617625601247608,40.0,False,,
C0113,1,121,125.0,5.0,9.251680655048336,9.509114111642367,10.424470725874054,11.211316470362313,50.0,2.0492296911938035,2.111106405447426,2.3137728963605695,2.523637812494951,10.0,8.371018310925418,8.635372478569039,9.408579843027766,10.406334335294945,40.0,False,,
C0114,4,49,125.0,5.0,9.538556779052366,9.64339534321551,10.021045286329118,10.297072859901037,50.0,1.9379481379351338,1.999189098413684,2.1984678774814346,2.4094849665807234,10.0,8.300169421761431,8.450891124903562,8.991074000489158,9.414468419660041,40.0,False,,
C0115,1,121,125.0,3.3,10.730589433360164,11.001424247753954,11.86142338331844,12.776176941328512,50.0,1.8417832983873081,1.897884980007259,2.067891640744518,2.272260082029921,10.0,7.824214594661244,7.881233624250094,8.062851017433909,8.232180622728087,40.0,False,,
C0116,1,121,125.0,3.3,10.141293491459649,10.418020410480365,11.24122417286953,12.244366450339566,50.0,1.9255376643561437,1.955000985297823,2.032313639919053,2.141493478087191,10.0,7.462440435323467,7.530892892327599,7.6374766214685605,7.954997189886028,40.0,False,,
C0117,5,49,125.0,5.0,10.383658620230614,10.531454706366876,10.958507995906439,11.46347110656218,50.0,1.994529556315073,2.0310937561339433,2.1542128745387625,2.2649933922086145,10.0,8.16814485033705,8.36373919965993,8.963788613651987,9.639683836023261,40.0,False,,
C0118,7,45,125.0,3.3,9.429919540436885,9.671282137990989,10.436895540567308,11.254869096245853,50.0,2.116567208988382,2.174767845021168,2.361341333902993,2.5591629565796152,10.0,8.218435692332571,8.53436192770578,9.588141967866317,10.70193795503725,40.0,False,,
C0119,8,52,125.0,5.0,9.440232062364737,9.682486141930198,10.449150831774679,11.272290337799685,50.0,1.8963418025130343,1.9416927415747094,2.0963358840988597,2.237504091529242,10.0,8.436188796455426,8.63812795666554,9.26242415125993,9.955422327508309,40.0,False,,
C0120,4,49,125.0,5.0,10.223906858361355,10.37219924740656,10.825186366847387,11.308230442474166,50.0,1.9915480118488527,2.0235394928523216,2.1221557263342907,2.2265738754294477,10.0,7.625471489981883,7.748478233615886,8.158595681871573,8.529325955485227,40.0,False,,
C0121,2,53,125.0,3.3,10.029137165467723,10.11711592265405,10.38410891154151,10.661434841113273,50.0,2.0675144659894897,2.0753902112135774,2.084449319600782,2.123278717291496,10.0,7.637427576289134,7.848692873384247,8.48200038332447,9.244825448797036,40.0,False,,
C0122,2,53,125.0,3.3,10.274369409432063,10.358195078519731,10.60242123946636,10.875708095737538,50.0,1.7618732659878078,1.7991170679097437,1.9248928985706917,2.039707866522361,10.0,8.183960106523108,8.328038835861484,8.718369104674698,9.247368621660758,40.0,False,,
C0123,4,49,125.0,3.3,9.906164504535774,10.11285717591477,10.68160043402064,11.446794912361387,50.0,2.10337861679389,2.168141847154605,2.3702459246074588,2.6008129297502123,10.0,7.9715332044587655,8.100808736838195,8.49831385142848,8.921697469153447,40.0,False,,
C0124,8,52,125.0,3.3,10.139071863227313,10.375009066088253,11.087567996420356,11.910505302481004,50.0,1.8817549427793563,1.8968543648118965,1.9462058490333125,1.9900295484447583,10.0,7.245695355771549,7.321162235978649,7.553503788005746,7.790759441725127,40.0,False,,
C0125,6,54,125.0,3.3,10.079059542452555,10.200761582960435,10.623115650389957,10.962462357151333,50.0,2.0331995493456936,2.0868507932022466,2.249144507589042,2.439831098729383,10.0,8.150043265501676,8.427833320990246,9.303081853738004,10.305096896632397,40.0,False,,
C0126,1,121,125.0,5.0,10.388883694542463,10.599423288623477,11.179973659556477,11.955351429722594,50.0,2.0246683149610742,2.0718743009125524,2.238452654138305,2.3791427802762697,10.0,7.2590308340044185,7.219889565014015,7.147319238576226,6.989434443923263,40.0,False,,
C0127,1,121,125.0,5.0,10.403504140972235,10.670930067972128,11.504251095286294,12.426191724955164,50.0,2.1084586391463844,2.166444377791841,2.3398461100463264,2.549425271737393,10.0,7.621897379250649,7.835147336311858,8.475186068809139,9.245951055982198,40.0,False,,
C0128,1,121,125.0,5.0,9.190064002804116,9.430677405197331,10.149209512412988,11.012578283819009,50.0,2.055092438089354,2.114114189407858,2.297663062549251,2.505595269134767,10.0,8.540672549144043,8.671879063526406,9.091931089532416,9.502547757520835,40.0,False,,
C0129,8,52,125.0,5.0,8.876365722329572,9.191643591810363,10.211954443185896,11.332901315861267,50.0,1.7622709508270018,1.785278010621501,1.8571143045425575,1.9297670917226888,10.0,8.729951607122846,8.868728091985263,9.30159489150063,9.748961655009536,40.0,False,,
C0130,4,49,125.0,5.0,10.500872698825754,10.844984284379793,11.923254116256604,13.159825406932454,50.0,1.9215220752844009,1.9288822849675331,1.940477539752681,1.9736393816123,10.0,7.513737452611215,7.791168319364879,8.61883785111297,9.684607267732813,40.0,False,,
C0131,4,49,125.0,3.3,10.593862546630968,10.699664359486167,11.104881916490365,11.357037985196147,50.0,2.013820512935328,2.0433527975453174,2.1381012514757844,2.2298668716267933,10.0,7.868243385034923,7.9694186803131135,8.226204345207659,8.604384166344294,40.0,False,,
C0132,3,52,125.0,3.3,9.489688490243331,9.83924934679805,10.994883643713269,12.224244497307607,50.0,1.9805020113880214,2.037721236023205,2.237378249308242,2.4174732286352385,10.0,8.017049009231483,8.12286851204099,8.449284641464851,8.787771005131463,40.0,False,,
C0133,2,53,125.0,5.0,9.070082296727186,9.203323936722242,9.551844064482594,10.044899450772178,50.0,2.047761072975677,2.077617349484777,2.1645023968884907,2.2661217806947844,10.0,8.712490771032627,8.875380000421456,9.475492346994798,9.918698954480647,40.0,False,,
C0134,1,121,125.0,3.3,10.0495174105036,10.355512433918898,11.36857077278514,12.397380182695752,50.0,2.0789366555669706,2.106086667613118,2.1940088775351425,2.2765968557491427,10.0,7.80285242087024,7.991201370050202,8.608830751154947,9.220705773970158,40.0,False,,
C0135,10,12,125.0,3.3,10.465419113175265,10.681842580795925,11.314344976755844,12.077678414419136,50.0,2.060845173642968,2.064526866499144,2.0470776581553074,2.0867555596007064,10.0,7.809246390786689,7.930925711871234,8.235779743508251,8.701866577052247,40.0,False,,
C0136,1,121,125.0,5.0,10.898797261217158,11.07185388127011,11.574198282681614,12.169450703689783,50.0,1.9785725057445536,2.0528213584963937,2.292261600377763,2.5606267884562084,10.0,8.619490223385144,8.656221411205433,8.631003012132869,8.87991904393275,40.0,False,,
C0137,6,54,125.0,5.0,10.258148786050725,10.27787552829526,10.353503838980217,10.397035177985575,50.0,1.815366298887952,1.8666633520374667,2.0262400856190736,2.2063600999168944,10.0,7.850084338912697,7.9391279883713,8.242465554468463,8.495005948141259,40.0,False,,
C0138,8,52,125.0,5.0,9.814141651707153,9.993586900684608,10.525905730129285,11.141298772991231,50.0,1.9544518751145183,2.008588159059265,2.171239129879484,2.3663904275768246,10.0,8.288880683586584,8.560866531779057,9.427016460147076,10.390794478796808,40.0,False,,
C0139,5,49,125.0,5.0,9.553434689207569,9.654463778308576,9.96400675101225,10.283474340364803,50.0,2.0416368148138955,2.219166299273817,2.8498626465129306,3.659805534469127,10.0,7.409142813955029,7.87770771778066,9.468813341340514,11.381283655749426,40.0,True,compound,
C0140,4,49,125.0,3.3,10.005725645835327,10.302625466464724,11.203682292963423,12.278458364974385,50.0,1.8909552747449523,1.9396796774223515,2.090101052505432,2.259553181537524,10.0,7.931506902363069,8.125915059452982,8.699720815764007,9.39662096983507,40.0,False,,
C0141,6,54,125.0,5.0,9.850367648057372,10.196784654205473,11.275857025362475,12.546658928834518,50.0,2.0631274730121576,2.099349206736696,2.2099120807993295,2.3304319396876205,10.0,7.336161264669438,7.463706208624568,7.873563738886735,8.276915769856616,40.0,False,,
C0142,8,52,125.0,5.0,9.492466047135592,9.606668862993423,9.924908045831126,10.321324510432397,50.0,2.0908393297267303,2.1292320720243034,2.244451251606153,2.3748546244598296,10.0,7.577826487617719,7.679407426264227,8.026208427179995,8.318136157002673,40.0,False,,
C0143,8,52,125.0,5.0,11.024377825431642,11.278155777517862,12.04093133809599,12.928319878858202,50.0,2.0126866976295843,2.0443349004922258,2.1217648758793106,2.2449529467378553,10.0,8.335680542060905,8.642230983114946,9.609649510651867,10.733335720971102,40.0,False,,
C0144,6,54,125.0,5.0,10.892584201036065,11.031422002734892,11.521619971759607,11.90241081756365,50.0,1.6936220133687603,1.7721170030481064,2.01862217832993,2.3256684877147253,10.0,7.980037843565315,8.124620819025436,8.556010967771716,9.048821139358234,40.0,False,,
C0145,4,49,125.0,5.0,10.568024341777715,10.712966409348057,11.194915756085624,11.62533221863442,50.0,1.8721911637288198,1.9200427229314896,2.081013920352367,2.233958491048041,10.0,7.87235770377881,7.9949011949871975,8.375153965010908,8.771276270351395,40.0,False,,
C0146,3,52,125.0,3.3,9.539574801095437,9.804249798723106,10.734151774805497,11.55384319924006,50.0,2.188618915855608,2.222240469981481,2.301694741459091,2.4350981811636894,10.0,7.700500150407633,7.93891859798566,8.722990620041239,9.532698125083677,40.0,False,,
C0147,6,54,125.0,3.3,10.427509662148639,10.632041274414266,11.397805285750202,11.946287758939649,50.0,1.9453462206971621,1.9933086690148163,2.1361919622467775,2.306962075841281,10.0,7.911737570703487,37.356240610476256,43.30086229019921,49.53481048816811,40.0,True,single,t_pd
C0148,8,52,125.0,3.3,10.31981320474895,10.705737897191282,11.890687251535637,13.343975254995879,50.0,1.8015856776871004,1.8194057215965527,1.8701851881641967,1.9300891494180206,10.0,8.120445266840278,8.234559663738983,8.628431680387463,8.953721941999566,40.0,False,,
C0149,1,121,125.0,3.3,10.221272812102027,10.376407971107282,10.859906865727613,11.35793529802284,50.0,2.123524738831027,2.1979438059742646,2.458465863221984,2.702540085959298,10.0,8.393166482584705,8.561889833484882,9.067692604818369,9.647891753558632,40.0,False,,
C0150,8,52,125.0,3.3,10.624832633521889,10.943507098963718,11.887709308488805,13.066614613694716,50.0,2.0013355591543673,2.0281320594524863,2.1188049951203944,2.1966159864143373,10.0,6.949941326361279,7.088958924964154,7.472952634178017,7.983445976613138,40.0,False,,
C0151,3,52,125.0,3.3,10.317685571430639,10.534090092512637,11.167331446372932,11.931236817067989,50.0,2.1104940488957724,2.1632793081090687,2.3231990450869606,2.508900178755804,10.0,7.667295530294876,7.8405466101746955,8.467020727893035,8.965430901773798,40.0,False,,
C0152,2,53,125.0,5.0,10.370007118152168,10.65992949677038,11.542763549373218,12.577838075088426,50.0,2.0276958675219365,2.0898645692193853,2.302966611935191,2.5050137024410466,10.0,8.063638496875603,8.393575900732857,9.43800069801698,10.676842997647848,40.0,False,,
C0153,6,54,125.0,5.0,10.318453141686105,10.478682451178775,10.916445687992379,11.493682057422763,50.0,2.045855913621217,2.0946448419090133,2.2397805099963297,2.4128066082958517,10.0,7.960454753615085,8.146430738198092,8.706021380627483,9.357165628818558,40.0,False,,
C0154,6,54,125.0,5.0,10.170395704001052,10.368763288195774,10.929596179385436,11.64291203817057,50.0,2.0363009247714516,2.0789506365839356,2.223497047393473,2.354276625913434,10.0,8.16135049701069,8.130496188042757,8.035986531287573,7.9478045226853,40.0,False,,
C0155,8,52,125.0,5.0,9.108194435142908,9.279838461348808,9.807342977262486,10.37980407186607,50.0,2.0697488311921,2.111367383840994,2.226083552788886,2.379253858498689,10.0,8.107016114450621,8.295609544664913,8.891109503449353,9.522958696220298,40.0,False,,
C0156,4,49,125.0,5.0,10.04181053870528,10.158691478011207,10.453575835716478,10.889106795608313,50.0,2.2277430448556097,2.271040543142379,2.418959399829864,2.549080984206693,10.0,7.878052854802637,8.038598117885977,8.523620632264377,9.072957533470744,40.0,False,,
C0157,10,12,125.0,5.0,9.721904020575437,9.980709032316938,10.844671667713682,11.684813588193062,50.0,2.097100633595919,2.1269486986026007,2.214559946684199,2.3151731441895227,10.0,7.789258721605129,7.948428330848568,8.444983473273982,8.974123937844267,40.0,False,,
C0158,7,45,125.0,3.3,9.36007952117999,9.608144935611408,10.344800133368262,11.240861293135524,50.0,1.8419660682154464,1.8705260573211462,1.9488169234851886,2.0514294414482626,10.0,7.9017994041058,8.079269655216198,8.634238908554185,9.2309993762993,40.0,False,,
C0159,6,54,125.0,5.0,10.840908309650413,11.122073196085758,12.178798028501912,12.968991775240395,50.0,2.0446661515278906,2.115812158109754,2.341905861172421,2.597797614679038,10.0,8.459496939929098,8.626260839859405,9.154532717971842,9.69819421761986,40.0,False,,
C0160,8,52,125.0,3.3,10.864497670442852,11.2487712215171,12.45690368497784,13.857270103096983,50.0,2.114148076810322,2.1541364132139806,2.2818570237773708,2.4104603928706374,10.0,7.7071968268377145,7.857285845807971,8.22718440709315,8.8212304836359,40.0,False,,
C0161,1,121,125.0,3.3,10.679610300147806,11.047986882828251,12.235528678657403,13.540965023937602,50.0,2.1202700806536146,2.1460144790720714,2.219634020227269,2.307179714259763,10.0,7.974877310742418,8.183264380547097,8.924820369762882,9.5530491936438,40.0,False,,
C0162,1,121,125.0,5.0,10.127606708427937,10.292185919034441,10.732182807666627,11.33737188765147,50.0,1.95733950169409,1.986380594918304,2.08186519741988,2.1699028111527725,10.0,8.07333688559937,8.191039614361701,8.548244379681671,8.934180721260667,40.0,False,,
C0163,3,52,125.0,5.0,10.675312560476328,10.928643312692808,11.825301637525234,12.579986216163228,50.0,2.1164944445188127,2.1821136177352596,2.3844610678175835,2.6208292066500487,10.0,8.624140371949784,8.71489337951747,9.019030216220095,9.279822020215544,40.0,False,,
C0164,5,49,125.0,3.3,10.006026590300912,10.143749471322455,10.627553174846483,11.010820577385978,50.0,2.0927742399551206,2.148768646336517,2.3331170492781057,2.517638220986954,10.0,7.879876696705475,8.275744480684079,9.520662288006685,11.105368676802152,40.0,False,,
C0165,6,54,125.0,3.3,10.10139863844889,10.305785824801868,10.960344032587358,11.621942623176391,50.0,2.257251743696973,2.315044818717003,2.5029768594391637,2.694237271758634,10.0,8.383522662404385,8.491179044622564,8.80173716639824,9.166778415583707,40.0,False,,
C0166,1,121,125.0,3.3,9.453264314769008,9.58563370041281,9.926667552315173,10.419694784340846,50.0,1.9249998263751489,1.9585425402707595,2.0620901093375235,2.172435520478125,10.0,8.492791761306009,8.67115252555107,9.198002023848263,9.822791492587989,40.0,False,,
C0167,6,54,125.0,3.3,10.19849565224942,10.567688365335032,11.76979401263676,13.081070717675269,50.0,1.9492599423599575,1.9994214661627634,2.1530227508985784,2.3286912156879307,10.0,7.974498294003741,8.014716858693667,8.196386404609166,8.260323835111622,40.0,False,,
C0168,7,45,125.0,3.3,10.030192964212208,10.267276449783122,10.950933680028173,11.812207316643642,50.0,1.9693880951540046,1.9961016408772674,2.080010961935173,2.164166707409598,10.0,7.915712408369295,8.083245961318736,8.582211431350279,9.165591867329157,40.0,False,,
C0169,2,53,125.0,5.0,9.348673941582767,9.515264588130265,10.106420144575004,10.57903383145805,50.0,1.9509777849961225,1.984932328617756,2.0961341228319808,2.201435625610152,10.0,7.8683785311807135,7.952316382926395,8.240658257133576,8.475085388225303,40.0,False,,
C0170,2,53,125.0,5.0,9.974401444091702,10.292945781041727,11.356690986973517,12.429588040234144,50.0,1.9109979250236397,10.181553361444918,12.311438277543978,14.336724217305635,10.0,7.897670746302967,8.020679105061255,8.37399738921907,8.800023752215749,40.0,True,single,I_ddq
C0171,8,52,125.0,5.0,9.960135218071596,9.943141692553107,9.897055454297803,9.841787676067739,50.0,1.7237324494326256,1.7732773064709524,1.9396894445856971,2.101926131680409,10.0,8.341695944230732,8.595705979954566,9.38380937482212,10.2906955201509,40.0,False,,
C0172,4,49,125.0,5.0,10.89878058332232,10.897243572451398,10.759941100281406,10.888026058082856,50.0,1.9565300526276865,1.9764492924545025,2.0473746325500333,2.1002964463802845,10.0,8.092403990902206,8.292448991869117,8.91179187281544,9.600952652652278,40.0,False,,
C0173,1,121,125.0,5.0,10.447106664256705,10.739190910728034,11.60800100499002,12.671404863491302,50.0,2.0369358059699905,2.0602479974405505,2.1647180468086695,2.2058320886570644,10.0,8.094115883667948,8.3020059269542,9.01577006669162,9.666400083341593,40.0,False,,
C0174,1,121,125.0,5.0,10.005722719545734,10.211887479188086,10.893553867713095,11.541210576538559,50.0,1.9506778154494089,1.991811800538244,2.1259620920797473,2.257484816176059,10.0,7.549910595848066,7.567184425997106,7.547247171395093,7.6716605344118065,40.0,False,,
C0175,6,54,125.0,3.3,10.124393654900542,10.352237697331088,11.134113948866494,11.831110455112997,50.0,2.193538118352911,2.2752722523315754,2.5453589839851603,2.8337561699218488,10.0,7.613003969049906,7.905106950617273,8.79217788014572,9.908728133352431,40.0,False,,
C0176,10,12,125.0,3.3,10.0221061890521,10.089615486871107,10.351977998676118,10.504328860728634,50.0,2.0013375812715863,2.003027407366753,2.015174133826102,2.013196368978066,10.0,8.857378729910792,8.92895686278786,9.058118854303224,9.370737756063312,40.0,False,,
C0177,3,52,125.0,5.0,9.898543007602226,10.094214068893487,10.619531918616678,11.352197238179702,50.0,2.1291029055184136,2.1776109583321928,2.3181136733917733,2.492769589008248,10.0,7.928869709884524,8.208644699483925,9.059079356165592,10.107238616861936,40.0,False,,
C0178,8,52,125.0,3.3,9.458786401305856,9.8374698049919,11.08362219840075,12.450058053717271,50.0,2.0261420412729967,2.0387842896513195,2.0725759675423623,2.1163116396647554,10.0,7.690091201768656,7.922450680764078,8.627356676261764,9.471698548112267,40.0,False,,
C0179,3,52,125.0,3.3,9.924474061196536,10.204761019899589,11.150348346798427,12.060765254130446,50.0,2.082640730989326,2.1110827099686604,2.1931957525137467,2.2900796895234357,10.0,8.572439666235718,8.79337996052335,9.414343008438296,10.243874575455127,40.0,False,,
C0180,8,52,125.0,3.3,9.626950871673744,9.835827454834131,10.403064645178505,11.187776387567276,50.0,2.027924155393356,2.061092306582181,2.170894147973132,2.2718091567946086,10.0,8.11272341947342,8.205615337309201,8.459554483556351,8.785734171207396,40.0,False,,
C0181,7,45,125.0,5.0,9.374842230538427,9.521178463769846,9.973641521077043,10.448432296039721,50.0,2.136878463190356,2.170630280227342,2.273136850100009,2.3846358449798557,10.0,8.231261966745809,8.408364963322803,8.872578757404558,9.553936162505693,40.0,False,,
C0182,1,121,125.0,3.3,10.255610907273768,10.420257268985786,10.945192240422866,11.465153596306843,50.0,2.00559393501324,2.0350000347223527,2.1272998314215656,2.220715383318067,10.0,7.944781169887387,8.066263117727253,8.398999193291043,8.835172910737917,40.0,False,,
C0183,5,49,125.0,5.0,10.195632329966617,10.182459788205707,10.127790844506174,10.103781160627241,50.0,2.0496120708088785,2.0907520290044808,2.231259479398499,2.3555247284437684,10.0,7.872530763769278,8.032267528245084,8.582394009833644,9.06110068368052,40.0,False,,
C0184,1,121,125.0,3.3,9.10664624431596,9.312241570917937,9.86508605438106,10.64703880552593,50.0,2.0366332933650044,2.0664647661577167,2.1679226228358575,2.254856974145747,10.0,7.932165451001084,8.070988479014284,8.519362816508135,8.956462381438802,40.0,False,,
C0185,5,49,125.0,3.3,9.938657681252437,10.221460506782309,11.10096674792922,12.09551294138179,50.0,1.971171454187268,1.9817673407711147,2.012269523285116,2.0465495395473368,10.0,7.446904731880549,7.444029444239605,7.442379735828369,7.4268010168229415,40.0,False,,
C0186,5,49,125.0,3.3,10.497850692949962,10.542401542353328,10.659718180452229,10.81370520980245,50.0,2.040498231892468,2.097221422184911,2.269400541563006,2.472251559897058,10.0,7.964829036232041,8.213473806738152,8.961797950716003,9.87709853500905,40.0,False,,
C0187,1,121,125.0,3.3,10.52961186944816,10.670559475238251,11.09660226610219,11.556761682265892,50.0,2.223438624619768,2.2846470476705636,2.492638358257889,2.688951302622084,10.0,8.118413230817048,8.274196881304945,8.692435981918809,9.273721168860366,40.0,False,,
C0188,1,121,125.0,5.0,10.512918421442619,10.60149347732772,10.841091983490708,11.148837543237951,50.0,1.972960305790456,2.029055006351635,2.2156312390072284,2.4007484552871095,10.0,8.740185293537502,8.872616546187947,9.22920332415781,9.710423025945913,40.0,False,,
C0189,6,54,125.0,3.3,10.01945660345073,10.123122791484986,10.417474779630423,10.768036574522466,50.0,2.041946489285325,2.051324445115359,2.063014720770341,2.108503599168904,10.0,8.034399626002086,8.150068689423264,8.505325692477802,8.87990472950296,40.0,False,,
C0190,8,52,125.0,3.3,9.577477336015425,9.774149073423533,10.386666936598745,11.041953449864014,50.0,2.1257778950869444,2.1746477890007196,2.324456977167958,2.492385254178036,10.0,7.066329183115878,7.232985700432675,7.790583249538951,8.318787970081875,40.0,False,,
C0191,10,12,125.0,5.0,9.45815058632097,9.45016770340406,9.447112917786999,9.402411699262478,50.0,2.114025328094428,2.170596198880638,2.3514993193197897,2.5432681314616006,10.0,7.962405826886151,8.050489436665352,8.358171346256904,8.599835383974904,40.0,False,,
C0192,9,13,125.0,5.0,10.17230245237518,10.438233948287895,11.261305846849092,12.186348589129317,50.0,2.0011716417719367,2.020558951244397,2.087954383813392,2.1408914167696858,10.0,9.095801653243322,9.072591390576967,9.031703369783944,8.934568303679487,40.0,False,,
C0193,7,45,125.0,3.3,10.189640017182581,10.470247935403755,11.33602737017088,12.323830399528024,50.0,1.761661129704264,1.797055953845905,1.9162451133208434,2.024869161833261,10.0,8.346546493994015,8.54745870218958,9.145828407015463,9.858666519328672,40.0,False,,
C0194,8,52,125.0,5.0,10.643665555802533,10.829812347245971,11.41328243946449,12.017086907120571,50.0,2.0516702818648467,2.0903182792925894,2.2138236718922575,2.3379839299366405,10.0,7.675644422476564,7.869001811235676,8.479833873028586,9.135838864640034,40.0,False,,
C0195,2,53,125.0,5.0,10.549989825171043,10.499275126278942,10.249195238864894,10.20006569971926,50.0,1.7780525741376947,1.846368032824616,2.0735202828026025,2.315049690977631,10.0,8.236442605772222,8.384728897225237,8.831586432479344,9.33222319956107,40.0,False,,
C0196,6,54,125.0,3.3,9.933885671734414,10.033580298050158,10.363367175305678,10.653113889875094,50.0,2.146993723094123,2.2312524066718606,2.50519613105162,2.8109703505832644,10.0,7.703194630044104,7.768833330005228,7.9611078354194085,8.174579177273893,40.0,False,,
C0197,2,53,125.0,5.0,9.377897060569566,9.68107527601888,10.650666391606824,11.717431185331394,50.0,2.016947387119326,2.0237171420740854,2.0372757321591224,2.064815517325842,10.0,7.458476992181257,7.614279768879983,8.184008032376708,8.619873316300461,40.0,False,,
C0198,9,13,125.0,5.0,9.840446701494551,9.76388858895878,9.539662396865163,9.31688695662215,50.0,2.099967401987199,2.194338404176586,2.500397505937004,2.856603136410049,10.0,7.8606522547063715,7.902743503169752,7.959626784630692,8.160066546330341,40.0,False,,
C0199,4,49,125.0,5.0,10.108615597405262,38.76098399329905,44.15659632492701,49.466988560946234,50.0,1.9097888861818948,1.9305057847994684,1.9942039914661616,2.0596127955296684,10.0,8.036610575695544,8.114788264439275,8.344111576052175,8.600086114763775,40.0,True,single,I_leak
C0200,1,121,125.0,3.3,9.898958377305298,9.980129758939054,10.127795747948138,10.481328349915044,50.0,1.8447492526699945,1.8997352009916337,2.074363868792917,2.2658305690216296,10.0,7.251137799026642,7.34172641317681,7.666509028829089,7.909525414187545,40.0,False,,
C0201,4,49,125.0,3.3,9.711052945961171,9.983406252854778,10.740106661545916,11.785642877409767,50.0,2.0260754384141166,2.086259968402984,2.2562798828732498,2.486825449475155,10.0,7.540336283784546,7.754778853435707,8.373570071510235,9.175751253451441,40.0,False,,
C0202,5,49,125.0,3.3,10.12644240748495,10.260606230085946,10.688470032730692,11.10375229937482,50.0,1.9966396560043858,2.01669210320439,2.073935904708376,2.141307453897948,10.0,8.004134225272942,8.135193042589892,8.513893798824531,8.967860889458567,40.0,False,,
C0203,7,45,125.0,5.0,9.748021129294695,9.982359075174532,10.71933666888832,11.511543088766658,50.0,1.9508459173842834,1.9994857303498506,2.1534081919253154,2.3178768015552436,10.0,7.836730729604418,7.958367259477244,8.312675342494057,8.728875325940662,40.0,False,,
C0204,5,49,125.0,5.0,9.685966958137312,9.934456606662122,10.72795384339107,11.565140699206722,50.0,2.0084661280732763,2.046475671804909,2.1618292645467174,2.2901241770686123,10.0,8.157924508458436,8.480545338407342,9.516361612852466,10.702577202936894,40.0,False,,
C0205,1,121,125.0,3.3,10.155726417151719,10.545323018178781,11.778823469328135,13.217619738076435,50.0,2.276743589203226,2.3348991338307883,2.5153233767853904,2.716390069854532,10.0,7.5141326690765755,7.690899822105608,8.180739501783746,8.842334283927604,40.0,False,,
C0206,2,53,125.0,3.3,9.799003709935398,9.975097495544343,10.557548013074722,11.100141405601383,50.0,2.0834525547369056,2.1299275538086633,2.2812183247902107,2.4313760422856006,10.0,8.285645499421321,8.479446292810191,9.115524405003864,9.741242790872093,40.0,False,,
C0207,10,12,125.0,5.0,10.122052194489177,10.362556645746599,11.170752901555286,11.930454494275844,50.0,2.104949860586332,2.172231204127499,2.374376893943565,2.6235648479449605,10.0,7.526496361175922,7.649200775264062,8.056197291775808,8.428596950007305,40.0,False,,
C0208,2,53,125.0,5.0,10.136602011426062,10.188799888086558,10.372050654848573,10.507680434703035,50.0,2.0843936891553354,2.1276531862574304,2.2444730108306175,2.406729987156297,10.0,8.657093720775052,8.778607140999089,9.176744088852342,9.544354964042604,40.0,False,,
C0209,1,121,125.0,5.0,9.430285499454213,9.731150607086123,10.678629080927639,11.74898399402296,50.0,2.1479462143852195,2.187299293953747,2.3057166966037004,2.439029628782436,10.0,7.313696686248673,7.300063484622185,7.227724580903046,7.21879629642028,40.0,False,,
C0210,1,121,125.0,3.3,9.759379438067294,9.88034608268528,10.144273313612933,10.63829132090609,50.0,1.9809928327099255,2.042325643262884,2.246504745736521,2.452322071471555,10.0,7.562978291846635,7.787503493817265,8.505547449876897,9.281766923790677,40.0,False,,
C0211,7,45,125.0,5.0,10.71888846995823,10.873159625918184,11.393075362723545,11.84654842966395,50.0,1.7945238692324705,1.8408296907425696,2.003806703409361,2.144864381594314,10.0,8.166948321212733,8.366900509625092,8.956152550486175,9.6737172433463,40.0,False,,
C0212,1,121,125.0,3.3,9.418960243632856,9.605243937553581,10.248718953699507,10.802916241595572,50.0,1.981141386699399,2.035262472461688,2.2152887663818284,2.3924901048547422,10.0,8.665693300599056,8.823481191140191,9.298803888599236,9.832407381859067,40.0,False,,
C0213,10,12,125.0,5.0,8.941672775514734,8.980758227004994,9.128366986177047,9.218885009884527,50.0,2.0811735709996504,2.1089658402402116,2.1784782089147696,2.283689235517366,10.0,8.126017214446469,8.277386493321368,8.842822802909684,9.24668813228807,40.0,False,,
C0214,1,121,125.0,3.3,9.069077423378744,9.27120630289137,9.861462321062776,10.582177907990346,50.0,1.9030199604884925,1.9211888003286923,1.9744460969683117,2.0339031187727423,10.0,8.225143168072956,8.45019495092894,9.167359568804935,9.935879205055961,40.0,False,,
C0215,6,54,125.0,3.3,10.014554973288334,10.3117335145042,11.295161017754968,12.289432767743666,50.0,1.982363404951067,2.010756357040443,2.101091196991217,2.1898608604470944,10.0,8.007014760669223,8.042669190845492,8.102192707166534,8.259954703538064,40.0,False,,
C0216,5,49,125.0,3.3,10.01545863901635,10.245106477728736,11.013313155888337,11.737896725305582,50.0,1.9308230256997687,1.9574525239505751,2.0413760028743066,2.1251218991299514,10.0,7.5894406183539225,7.69646073734397,8.033898632848627,8.371028176263588,40.0,False,,
C0217,5,49,125.0,5.0,9.94119457228744,9.982063065323846,10.184443864339658,10.230826536406285,50.0,2.150202925184313,2.2101118633603516,2.406512860483041,2.606292176131797,10.0,7.803944660704248,7.871347107320203,8.022474785915394,8.288164509256578,40.0,False,,
C0218,3,52,125.0,5.0,10.60709491446425,10.80610424339106,11.375765167875814,12.081068283487744,50.0,2.0749457015406563,2.136695754670768,2.322494069427384,2.547759279281292,10.0,7.515236112007489,7.798673939572648,8.662509204849345,9.738443808350434,40.0,False,,
C0219,6,54,125.0,3.3,8.66358278344853,8.901140727404245,9.642686825171925,10.469706174201221,50.0,2.065154062064396,2.103253463829913,2.222542543100142,2.3470727670031577,10.0,7.488516012889251,7.7038599378676205,8.344100958114288,9.13238205318943,40.0,False,,
C0220,6,54,125.0,5.0,10.197966937215412,10.210409602521898,10.286118341344121,10.28538505389922,50.0,2.062160131312097,2.1329111754558974,2.3650247069415786,2.6114100494746046,10.0,8.160699567727898,8.144158430238948,8.076753073694233,8.045613312623868,40.0,False,,
C0221,3,52,125.0,3.3,10.780719100901786,10.880465977978176,11.188488933996869,11.49862961501788,50.0,1.9962750747447873,2.063518989652928,2.2885581800061865,2.517311636898344,10.0,7.550728807164815,7.5874433480936,7.734728604340276,7.8115100469193,40.0,False,,
C0222,7,45,125.0,3.3,9.436109617554143,9.707543425232018,10.510548658569512,11.508203412771044,50.0,2.0197556282527502,2.0650668041309115,2.1982992535396013,2.359096880432018,10.0,8.127821602689345,8.279621214513757,8.777554798914636,9.25184406039737,40.0,False,,
C0223,2,53,125.0,3.3,9.810096744105053,10.032795302383319,10.753933115029726,11.479260692775023,50.0,1.8814815419467683,1.903647430809342,1.9683214977076569,2.042235620068578,10.0,7.479270899111561,7.593521233796559,7.967631565632415,8.316620798857587,40.0,False,,
C0224,5,49,125.0,5.0,9.62355404138569,9.855671430054525,10.616787652162518,11.37078842334454,50.0,1.7813558021249432,1.8450459815174836,2.0223924898156445,2.2779611949200764,10.0,8.118553208046702,8.17340359796701,8.294362084516841,8.51037632020861,40.0,False,,
C0225,5,49,125.0,3.3,9.552826976961235,9.921517838118293,11.120074628619403,12.452465643572046,50.0,2.0150081130345026,2.0540787707216115,2.16913404446273,2.304935963559957,10.0,7.8045269724148145,8.112397005249882,9.086151708438422,10.232101913250057,40.0,False,,
C0226,3,52,125.0,5.0,9.83686899748848,10.079697300443996,10.856650536711962,11.667857191616104,50.0,2.0323990256272144,2.075611186362703,2.2050418090756234,2.354876578445636,10.0,8.562646213460258,8.760660824839645,9.395366085301896,10.048704234456565,40.0,False,,
C0227,5,49,125.0,3.3,10.713742641842252,10.998501922988446,11.883609558463766,12.873228750669336,50.0,2.120926456842538,2.156142213142532,2.2537882902760313,2.380061386676094,10.0,8.129487558231625,8.330677443287865,8.936454279294109,9.646798576188642,40.0,False,,
C0228,3,52,125.0,3.3,10.91869333774376,11.43304519578221,13.223119177964241,15.069867388667001,50.0,2.1571335816082366,2.181082287305943,2.256402421978627,2.3304624881815914,10.0,8.494313157197656,8.605417503459202,8.935072737259087,9.303235424705655,40.0,False,,
C0229,8,52,125.0,3.3,9.832030387479927,10.007649666108252,10.506026530821455,11.129236812021388,50.0,2.1569998484998947,2.168461295182982,2.2025960426991014,2.2385202956827857,10.0,7.697741313429923,7.907294935122066,8.58972295936923,9.289999517167626,40.0,False,,
C0230,6,54,125.0,5.0,10.952530107032235,11.084192359268743,11.455013945246204,11.908077284403033,50.0,1.9001976406706123,1.9502273424368117,2.0845432062668725,2.279313380040504,10.0,8.022457336097666,8.1523864268773,8.540017666234586,8.977363360586313,40.0,False,,
C0231,1,121,125.0,3.3,10.017788238492312,10.260999740530453,11.027244888411854,11.849408011440406,50.0,1.964773496505023,1.9886769101568216,2.064368242825695,2.1383297209992524,10.0,7.607565136753489,7.738160922988215,8.152758815426887,8.570185503580708,40.0,False,,
C0232,8,52,125.0,5.0,10.87684551335054,11.142130799701649,12.030081563174841,12.875378527974055,50.0,2.048033429588138,2.151654320538445,2.4834667671704493,2.893245270931754,10.0,7.834557902902233,8.039118363290656,8.754575153762909,9.383654158878869,40.0,False,,
C0233,2,53,125.0,5.0,9.953350675173255,10.099991858656201,10.473996908690768,11.026338830966013,50.0,2.2531904677742176,7.962500750955473,9.910828946701715,11.854039351094531,10.0,7.895158310902149,7.92444954047794,8.006091367535292,8.10249317612032,40.0,True,single,I_ddq
C0234,1,121,125.0,3.3,10.065528913023073,10.162923270783054,10.392263507758642,10.767401879342323,50.0,2.1480099203713916,2.163961418479208,2.1983495169136416,2.262189057130325,10.0,7.709656711725144,7.986975211544769,8.932594162257363,9.873385909411379,40.0,False,,
C0235,1,121,125.0,5.0,10.182737236321417,10.621597369117106,11.932135057108647,13.681749057827528,50.0,2.111939716199838,2.164952332666587,2.332458663007176,2.512171392940188,10.0,7.513798856461722,7.677779192321188,8.214416860607551,8.739607655522365,40.0,False,,
C0236,9,13,125.0,5.0,11.589426839683767,11.859094661358347,12.708411208790302,13.61410200389818,50.0,1.961221204445071,2.0304388487659155,2.249907169573177,2.500172184161885,10.0,7.434593070538939,7.678517921333176,8.397309907421747,9.319628486430911,40.0,False,,
C0237,8,52,125.0,3.3,10.425642787422394,10.55781018512135,10.903142597847253,11.38675310357797,50.0,1.9116800368844875,1.951148385199853,2.0776541679218643,2.2056716543017907,10.0,7.064100753717041,7.129414033658449,7.288611691703493,7.534172292855182,40.0,False,,
C0238,8,52,125.0,3.3,9.646367735024269,9.927649094879163,10.80086124417936,11.79619771612649,50.0,2.078890788338324,2.132364899065328,2.3026173229997533,2.483365398178607,10.0,7.577461414598617,7.659058161824322,7.876193116650448,8.16742530217315,40.0,False,,
C0239,8,52,125.0,3.3,10.484498935137928,10.682745591587485,11.337630492650495,11.953473452511167,50.0,1.889933873576564,1.8928907239300972,1.8993627181816117,1.9107292272076681,10.0,8.250997558668738,8.320149150923745,8.494637339568396,8.747400887615031,40.0,False,,
C0240,4,49,125.0,5.0,9.819083731457829,9.990634765131716,10.489725124627546,11.084747286299146,50.0,1.9761563649019698,2.0022908046668757,2.0667875834915446,2.1665176795018755,10.0,7.3606005871946865,7.526236010902483,8.042211124669022,8.601324233243695,40.0,False,,
C0241,6,54,125.0,3.3,9.755124908549396,10.005077827702532,10.806506364057656,11.64518228652659,50.0,1.9885222050998077,2.006943562030459,2.047998729198383,2.1211112541131834,10.0,7.452750861498678,7.606723449830809,8.112847919975499,8.599709299102257,40.0,False,,
C0242,5,49,125.0,5.0,10.454300679946055,10.528329436793127,10.737481081786791,10.983641248643574,50.0,2.159291208912281,2.161557474647745,2.1620401368566227,2.1752051058642135,10.0,8.716359428493167,8.850206813670436,9.32234800990926,9.697575138996282,40.0,False,,
C0243,7,45,125.0,5.0,10.015542793885576,10.251171178274495,11.028780683201939,11.786027598203033,50.0,1.9645302697040323,2.006118987205083,2.136154198335901,2.274806547146738,10.0,7.745401580060698,41.35528373192828,47.589846479704725,54.28179153807337,40.0,True,single,t_pd
C0244,7,45,125.0,5.0,10.139287957255902,10.536033712849113,11.84995602088859,13.264635413599509,50.0,1.7560750361427384,1.7518108008987785,1.7337911635229633,1.726441961084384,10.0,8.128418403665934,8.188032527450305,8.35086042190576,8.555011781807895,40.0,False,,
C0245,3,52,125.0,3.3,10.006992610932647,10.253782827361205,10.993110728505146,11.867721058481976,50.0,2.050444464766247,2.064342460061569,2.113189581738771,2.149731156027857,10.0,8.256926858600197,8.418062115572143,8.827708015791458,9.453100101856673,40.0,False,,
C0246,6,54,125.0,5.0,10.168291563302718,10.333403050959635,10.835853581636705,11.381922944233711,50.0,1.9300978146896073,1.9583314053044982,2.0426786674915234,2.136620576435184,10.0,8.265010451912513,8.391829864955044,8.787183923599734,9.194672190981736,40.0,False,,
C0247,7,45,125.0,3.3,10.212482948718074,10.364944567396654,10.892673054086304,11.328719402378214,50.0,2.0042631024437747,2.027687209206842,2.089484154314942,2.1740941275361556,10.0,7.391074307756776,7.488222071647536,7.788397551808797,8.098518832455287,40.0,False,,
C0248,1,121,125.0,3.3,9.031516533647292,9.175086941783409,9.63855826788629,10.08572749711891,50.0,1.9913295299157876,2.0390499200776495,2.186138801042892,2.3503698308643073,10.0,7.907576128040204,8.18806492948577,9.098965317894656,10.092729996939806,40.0,False,,
C0249,1,121,125.0,3.3,10.333286334304766,10.513709370285916,10.99675048386256,11.664362039957506,50.0,1.972629600418223,2.018110157745071,2.1633809843416882,2.3138798512793706,10.0,7.352709092192643,7.49371010641081,8.016690746458636,8.39834898955852,40.0,False,,
C0250,1,121,125.0,3.3,9.50899029008485,9.663244509371255,10.174427722611904,10.64276216299537,50.0,2.0790340581784705,2.13919711968161,2.3341207251352123,2.5385517010644314,10.0,8.97852714356413,9.272128835992959,10.275149055034266,11.246712747684068,40.0,False,,
C0251,5,49,125.0,3.3,9.278850432220294,9.970939166637597,12.372621962418096,15.352793921069813,50.0,1.8467135121647293,1.9902556332790897,2.4913621761247904,3.118637319166362,10.0,7.36204989439376,7.647049831535924,8.569972171672616,9.60428199648486,40.0,True,compound,
C0252,5,49,125.0,3.3,9.970794378070659,9.997395549809102,10.148799529570908,10.158499584451697,50.0,1.948298577504564,2.0094909884017733,2.1974690083869324,2.419186553406781,10.0,7.580863912452072,7.751037347665847,8.24496946665228,8.855367792355752,40.0,False,,
C0253,2,53,125.0,3.3,10.041990501657228,10.329392274877039,11.299462690297027,12.235016453692019,50.0,2.068403791311738,2.109732186879453,2.237915854813548,2.3756330027287094,10.0,7.583759658063398,7.731227683483918,8.170051334721277,8.67824441237843,40.0,False,,
C0254,6,54,125.0,3.3,9.65324691771386,9.809659778282839,10.309190352970838,10.802819680161033,50.0,1.9385915224655632,1.9832463365275954,2.1280020759213167,2.2736246534464972,10.0,7.401335809310848,7.423715797595849,7.487710084830893,7.559424024812747,40.0,False,,
C0255,3,52,125.0,5.0,10.415515928833987,10.663087304073155,11.450667141171449,12.277106704023389,50.0,1.8391193290730028,1.8853090630173157,2.0307180509908767,2.187854486533595,10.0,8.541037563902618,8.833853226458283,9.736027086677401,10.81402733595184,40.0,False,,
C0256,3,52,125.0,3.3,9.328912416814546,9.410354950060109,9.648878266471572,9.914160372531512,50.0,2.0668555343256734,2.1111204843019564,2.244053834876991,2.397344272541742,10.0,8.968979160433399,9.136236844792755,9.681123066655985,10.207358244263231,40.0,False,,
C0257,3,52,125.0,5.0,9.79652812561372,10.122618404275542,11.205359512532985,12.320176223895695,50.0,2.112309463044154,2.146165679309986,2.2335880697663133,2.3610079563790056,10.0,7.809700352274953,8.024187385648572,8.719176367446469,9.440635040739734,40.0,False,,
C0258,4,49,125.0,5.0,9.7075629325335,10.022634988852493,11.010096640634398,12.139816197674508,50.0,1.9955004792356994,2.02877659645448,2.1265260820530303,2.240415484359129,10.0,7.471830741262236,7.5650770428194765,7.809130158784149,8.149506958218186,40.0,False,,
C0259,8,52,125.0,5.0,9.97670636483033,10.271976021185752,11.224464984025358,12.236433013829316,50.0,1.8039154401530468,1.8252456867763653,1.8806111204957032,1.9586293629126388,10.0,7.1052298005095915,7.235621824395313,7.687058102246669,8.069790281685226,40.0,False,,
C0260,7,45,125.0,5.0,10.139432142323619,10.1886332525559,10.382742563955873,10.488894325700727,50.0,2.070596974669882,2.1207388994880914,2.2588975174549497,2.448144039566961,10.0,7.902356512591159,7.991901878924028,8.270901016741615,8.55088939768097,40.0,False,,
C0261,3,52,125.0,5.0,9.496053525188227,9.764708376389038,10.587318656068028,11.543992071041782,50.0,1.8340112118580312,1.8689671872616223,1.9700148829584545,2.093147431321851,10.0,7.873453830735422,8.128238677239096,8.865821453928946,9.839735471024484,40.0,False,,
C0262,1,121,125.0,5.0,10.362141338728113,10.61133582190052,11.360346818167045,12.23751798612703,50.0,2.0308799276848166,2.0580292636511563,2.130461733026472,2.228719111765005,10.0,7.739481549455943,7.918372649434288,8.478062891731037,9.081975777649724,40.0,False,,
C0263,1,121,125.0,5.0,10.03150118416735,10.071098403685497,10.129972462306249,10.311985733918899,50.0,1.911253617525784,1.936821511810081,2.0214791617296592,2.0975739356601517,10.0,8.088550101590492,8.280010412027542,8.894503186691809,9.527788342550787,40.0,False,,
C0264,2,53,125.0,5.0,9.054026873344045,9.232907519154796,9.738923581113422,10.382901244964224,50.0,1.8840160714233034,1.8988922862920385,1.950072727050076,1.9906490135286745,10.0,8.158069257126195,8.432032245628852,9.355653789466006,10.280198096435692,40.0,False,,
C0265,8,52,125.0,3.3,9.020704279801485,9.23400194365109,9.814087808977511,10.623975398208389,50.0,1.955808998292031,2.0140694452887913,2.1895317473823015,2.401941619921013,10.0,8.12923330317516,8.385819651044548,9.189669011979472,10.104645930085821,40.0,False,,
C0266,5,49,125.0,3.3,9.993840353535344,10.249290435717421,11.09583259466923,11.925103434044749,50.0,1.981670244357274,2.022861592208338,2.1488448614359927,2.288626120199437,10.0,7.8735500512126055,8.091280679882768,8.817620905072216,9.530096795811994,40.0,False,,
C0267,5,49,125.0,5.0,9.889516341106823,10.104836959779837,10.876832387411849,11.498861945066047,50.0,1.9355791749613551,1.9575905809601597,2.0063221097567743,2.0950163753616438,10.0,7.559351268170295,7.6030649292955,7.742966871115858,7.8707068223948955,40.0,False,,
C0268,1,121,125.0,3.3,9.948289943212684,10.176228287830641,10.969482698663205,11.65781830030923,50.0,2.058870327821515,2.11669468408077,2.2944104820594937,2.4993873405752245,10.0,8.266333239122686,8.374152749610895,8.648877631609427,9.05125281115733,40.0,False,,
C0269,1,121,125.0,5.0,9.986008771734891,10.332883910061268,11.35441963360728,12.682334148595212,50.0,1.9553930621541167,1.9835419462535544,2.0745736684190916,2.161151950965439,10.0,8.005005503768611,8.084744313304595,8.269825285843773,8.580136907879522,40.0,False,,
C0270,8,52,125.0,3.3,10.11277991975509,10.439021629201026,11.523878700290995,12.629764312621067,50.0,2.098019087167182,2.110470817294683,2.1571321217559944,2.186748560294673,10.0,8.35534300993386,8.583237805747814,9.357126964462628,10.087239091588359,40.0,False,,
C0271,1,121,125.0,3.3,10.47382480492415,10.383010988102528,10.187191647241038,9.85442671452593,50.0,2.028117316564348,2.089391248983903,2.276400840788698,2.4979282569274894,10.0,8.316030219788892,8.496542291231261,9.116119920386323,9.664941083135627,40.0,False,,
C0272,6,54,125.0,5.0,9.444447549541222,9.60335618271838,10.073244735599756,10.614557740292646,50.0,1.9302442793403691,1.9584818810115672,2.0564563633117254,2.136796983770053,10.0,7.431295172381153,7.476587992477026,7.626422881236704,7.754201297569578,40.0,False,,
C0273,1,121,125.0,5.0,9.414014203549602,9.586794216501316,10.129530294105882,10.692142571909704,50.0,1.9134060116167715,1.943850232075606,2.0226744228812525,2.136962006010718,10.0,7.426311117016959,7.560820606883719,8.038816550996437,8.420612829400294,40.0,False,,
C0274,2,53,125.0,5.0,9.453338071056308,9.4767730310594,9.45157599886166,9.618607851893193,50.0,1.835250370095256,1.872711133973025,1.977331725010202,2.114090749190562,10.0,7.697783712503789,7.736725850728393,7.896235246879536,7.974550811586772,40.0,False,,
C0275,5,49,125.0,3.3,10.144458333584353,10.356901861355714,11.035999708891147,11.728321190673872,50.0,2.029073317786682,2.0928387571939564,2.304560646048167,2.5197876676620354,10.0,7.5774938366837326,7.725015783810123,8.213016134878183,8.672455446178073,40.0,False,,
C0276,9,13,125.0,5.0,10.622473689323222,10.967572128927372,12.007410318497422,13.286772849487697,50.0,1.9645412452748643,2.004225711023866,2.145936072311125,2.2597453259953992,10.0,8.302100710390441,8.330712032185122,8.37878579563532,8.504462549539642,40.0,False,,
C0277,4,49,125.0,5.0,9.784330280880244,9.873703498389615,10.156879463223678,10.427349830599901,50.0,1.7627804471936486,1.7768982538988831,1.8244237735178217,1.8640114519255773,10.0,8.140523870395167,8.346383676135257,9.073605356326071,9.695591073671178,40.0,False,,
C0278,2,53,125.0,5.0,8.749150077920174,8.953565302468087,9.521009822763947,10.284349825106117,50.0,1.94642851272306,1.9959432600597047,2.1517399337473875,2.3206336807331467,10.0,8.439673597514124,8.640365881422275,9.296395383192815,9.948807529081861,40.0,False,,
C0279,6,54,125.0,5.0,9.148003568694811,9.247184075682684,9.577148908713818,9.865260729621696,50.0,1.9098965970745048,1.9388317267761592,2.006031612898345,2.121884280083976,10.0,8.158594726964367,8.477428406675049,9.492307411535645,10.66981165475379,40.0,False,,
C0280,8,52,125.0,5.0,9.583481638601993,9.710758705957133,10.154574458712387,10.51071473614452,50.0,2.157567759217066,2.2414523533296573,2.4877725462407616,2.817863279565282,10.0,8.083459832749348,8.313666526193463,9.014154297294702,9.839306616400375,40.0,False,,
C0281,4,49,125.0,5.0,9.721135556252392,10.059177705254552,11.101839189873207,12.349101723530811,50.0,1.829722138810669,1.8662960937855937,1.9817445751468539,2.1016140938081995,10.0,8.479891912137669,8.613627078605653,9.039211595589684,9.461512286618312,40.0,False,,
C0282,8,52,125.0,3.3,9.795805686372637,9.938573890305715,10.320481478515285,10.839956171374338,50.0,1.8558649200265946,1.8515029786714836,1.835187118216576,1.8255457834789799,10.0,8.18789093589402,8.418631441628381,9.074149656225458,9.946222816229264,40.0,False,,
C0283,1,121,125.0,5.0,10.01929056149046,10.26598678500574,10.924076354045468,11.879087399150992,50.0,2.11099696431057,2.1607608673104974,2.304390327212384,2.4849707935711955,10.0,8.027240385375087,8.075591353579558,8.251163660834763,8.37187487376747,40.0,False,,
C0284,3,52,125.0,5.0,9.844126834588776,9.856804286583705,9.881753961672333,9.933212586877856,50.0,2.1356763157463963,2.2199201565471536,2.4939365652179646,2.799941084664221,10.0,8.592181213572275,8.681327447604454,8.91166108008987,9.235967476128513,40.0,False,,
C0285,2,53,125.0,5.0,10.524669805271703,10.931165975439535,12.211689716560906,13.721909265210709,50.0,1.9255017061274358,1.9943561122931344,2.2173234165245064,2.462382483677465,10.0,8.046072353261117,8.233798689496588,8.840018995046139,9.455796359927149,40.0,False,,
C0286,6,54,125.0,5.0,9.661991347159315,9.91345940131808,10.624778220668153,11.5658288460389,50.0,1.936791417719109,2.0109890116004885,2.261706157511402,2.519827265155383,10.0,7.878263758032832,7.865796432205353,7.808095149695397,7.791405705725314,40.0,False,,
C0287,1,121,125.0,5.0,9.568841020262228,9.74275472086204,10.306985480311113,10.854663103691355,50.0,2.061623539655331,2.081832394418581,2.1451194574702637,2.2073141564768584,10.0,7.66487069648894,7.815319784303737,8.27366544323532,8.782097894886915,40.0,False,,
C0288,9,13,125.0,3.3,10.239437769260231,10.503159251370024,11.310277742301228,12.234408788378486,50.0,1.767290020305469,1.818756198975653,1.9944986071345927,2.160600417412373,10.0,8.281210183618164,8.3623442396439,8.577959996203377,8.866116742301575,40.0,False,,
C0289,2,53,125.0,5.0,9.23217896503694,9.286665491573357,9.40122247174039,9.620404415268338,50.0,1.8138806315494445,1.8370621250633046,1.9084756424292637,1.9825067865870354,10.0,8.494820216736988,8.673322473273867,9.22420938264852,9.825921819201197,40.0,False,,
C0290,1,121,125.0,3.3,10.19484585266,10.5192999559952,11.523899293954008,12.694742391436883,50.0,1.9719266599149288,2.015788015575693,2.152071225409244,2.300220452087682,10.0,7.979765039426628,8.053359511098515,8.35644412383658,8.509400899518042,40.0,False,,
C0291,4,49,125.0,3.3,10.051276591863134,10.219737517799725,10.799792068880258,11.29147939857352,50.0,2.1549890566129126,2.1706568522099414,2.2301521006700105,2.2670849832250104,10.0,8.523166249511936,8.729788948567938,9.445160679605536,10.079069782994758,40.0,False,,
C0292,1,121,125.0,5.0,9.926278755040917,10.104547821223967,10.690928484792929,11.24344455138594,50.0,1.956426991183326,1.98294722447659,2.0545835854271632,2.1497908767490386,10.0,7.21199398721137,7.357627759588373,7.826259431014138,8.295308623060823,40.0,False,,
C0293,5,49,125.0,5.0,10.794138053574631,10.956950828818597,11.452821873192647,11.986714992876333,50.0,2.0100936791735156,2.03670236063766,2.1484748108374694,2.2039167207399726,10.0,7.977818650076834,8.24909367636465,9.118376768724055,10.081814198606242,40.0,False,,
C0294,1,121,125.0,3.3,9.68889627735264,9.82641549075468,10.28252719709387,10.693503706892855,50.0,2.1133789272564014,2.1746363837418135,2.3737150278968873,2.5813227748361407,10.0,7.983962035158226,8.14417895850731,8.680867848519135,9.17530222642374,40.0,False,,
C0295,1,121,125.0,3.3,11.030149085262039,11.327375271081394,12.196768322939741,13.286687674885448,50.0,2.2106884733278145,2.2726036481208536,2.473650459715543,2.6822584098372593,10.0,7.709202251037061,7.804130067635278,8.141725785970666,8.398753893822592,40.0,False,,
C0296,4,49,125.0,3.3,9.88728427538595,10.110332198643658,10.81187271995718,11.558350314966848,50.0,1.9423151526851687,1.9865381672872868,2.1309207414256024,2.2738415877388674,10.0,8.953544415192749,9.11051026874028,9.558288936255634,10.111811377263024,40.0,False,,
C0297,3,52,125.0,3.3,9.361491777514885,9.609734961732734,10.40232091348787,11.243706702062703,50.0,1.9983163276266573,2.0112969624904222,2.0699946378375427,2.0909707748186324,10.0,7.973522946924495,8.025810408285945,8.181570009306926,8.346814916879245,40.0,False,,
C0298,1,121,125.0,3.3,10.034959790497412,10.234776442753784,10.832909032230035,11.520059074442221,50.0,2.1822055221342844,2.2190490196401713,2.342600007554725,2.4535469331070714,10.0,7.836907691358227,8.025474446936872,8.540321267161405,9.256069903303814,40.0,False,,
C0299,2,53,125.0,3.3,9.461877399840615,9.699673284777765,10.472274872656353,11.25734157915159,50.0,1.847780072480857,1.8709490822411636,1.9266269929324276,2.0161930058366035,10.0,8.010384845373402,8.217841817022107,8.922836358107322,9.580411261197355,40.0,False,,
C0300,1,121,125.0,5.0,9.62412207609325,9.776294003185587,10.20741190543006,10.741205780314775,50.0,2.102758107055382,2.1631004466754784,2.3712413180300835,2.563308706755015,10.0,7.198874504589668,7.52060631863528,8.663208453192345,9.776476717951986,40.0,False,,
C0301,7,45,125.0,5.0,10.198516650007745,10.629886556104578,12.067273166728379,13.629450675014963,50.0,1.8981684467638742,1.9584957488198786,2.147560483729167,2.3629249784437736,10.0,7.696052829862034,7.802117060107263,8.132416066172398,8.469913840128616,40.0,False,,
C0302,4,49,125.0,5.0,10.277791044325063,10.322198253290422,10.485427181643331,10.592699919098072,50.0,2.0102472367103155,2.0716881434967136,2.268724299785559,2.481840234744577,10.0,8.393295987778162,8.538685116325958,8.894617710511916,9.465460676681637,40.0,False,,
C0303,6,54,125.0,3.3,9.68891614987287,10.004865632852797,10.85521090220039,12.12907378145614,50.0,1.9757380952599726,2.0003316993929485,2.0626861906482987,2.154457236877731,10.0,7.74842185802689,7.858778095830405,8.2243296897351,8.554716790431394,40.0,False,,
C0304,6,54,125.0,3.3,10.493702572523201,10.847120763319708,12.051710869669765,13.2321014847306,50.0,1.904198839929877,1.8901166587943434,1.8533552956040134,1.807783804854519,10.0,7.668449934879892,7.8380847665537585,8.332002829265054,8.937667054649012,40.0,False,,
C0305,7,45,125.0,3.3,10.578753879010566,10.700181173849364,10.904159490519323,11.458581005726177,50.0,1.9016898072341726,1.9061214690644053,1.9132270208653912,1.9329291610264825,10.0,8.52381025460576,8.726821036616707,9.334264861067265,10.050550454972726,40.0,False,,
C0306,7,45,125.0,5.0,10.718150878281646,11.171450804916386,12.610691826176982,14.323456849834962,50.0,2.0276414364253754,2.09701976283288,2.3208874564168096,2.566083103011737,10.0,8.536101760380731,8.702267664553483,9.249312737702994,9.769437479379034,40.0,False,,
C0307,1,121,125.0,3.3,10.264706703562862,10.572184995440924,11.61021357432232,12.620425854350618,50.0,2.099553932816268,2.133120447613485,2.233896552442788,2.346094170789746,10.0,8.206796188864457,8.46008466658633,9.279622281358415,10.152688862210928,40.0,False,,
C0308,1,121,125.0,3.3,10.68171435604285,10.999082937872641,11.989843113486204,13.11141539558334,50.0,1.9870263796811496,2.0118498110710843,2.1082953517293377,2.1674400752836105,10.0,7.817953066384533,7.926076959679464,8.239346222950743,8.606957148868293,40.0,False,,
C0309,2,53,125.0,3.3,9.059600786012972,9.243331500009285,9.74521494876047,10.42666298549454,50.0,2.0070113158733216,2.080119920161411,2.338768635212565,2.578218286698606,10.0,7.904211573953471,8.140245088665244,8.862604263314577,9.71205262497846,40.0,False,,
C0310,8,52,125.0,5.0,9.841046725685768,10.01649033246877,10.504052542182682,11.136821790809257,50.0,2.057117406629105,2.124285580222027,2.339781794998729,2.5759405359662386,10.0,7.678340015370017,7.873254511855449,8.493531603313098,9.151156787858273,40.0,False,,
C0311,1,121,125.0,3.3,9.566497371838286,9.73779422933991,10.323042025433708,10.831944172623185,50.0,1.9028381226987041,7.054089501578563,7.543454367130751,8.006618534799745,10.0,7.602090752388542,7.753218042008156,8.20802719663442,8.725205912569246,40.0,True,single,I_ddq
C0312,6,54,125.0,3.3,10.059612930563697,10.652982944528084,12.651473656470719,15.024879558507829,50.0,2.073969250841292,2.1544176989797954,2.4149753015912183,2.707045021983126,10.0,7.582233404676627,7.912941136201092,8.99415344384059,10.223100965741061,40.0,True,compound,
C0313,5,49,125.0,5.0,9.714275390401632,10.044675991698968,11.167531228534628,12.276909654705257,50.0,2.0819343097059746,2.1208227354269997,2.2542987006294473,2.3698914776313886,10.0,7.752778237285917,8.095967971921796,9.204077956715524,10.498742912340742,40.0,False,,
C0314,1,121,125.0,5.0,9.916921079025133,10.133240288496006,10.807944959348726,11.533928260967034,50.0,2.2603626298750408,2.31070458547627,2.464498286811338,2.637195170689424,10.0,7.586111603726102,7.6758546477432334,7.96500544072658,8.237052424398504,40.0,False,,
C0315,9,13,125.0,3.3,10.941087440102025,11.060187345129382,11.357204976827903,11.802511997366107,50.0,1.9623895809440417,2.033036533701717,2.2558444841481835,2.5136505681815544,10.0,7.374517952582741,7.543979447256632,8.06889669848474,8.645729678385322,40.0,False,,
C0316,6,54,125.0,3.3,9.915140101789811,10.195186002098147,11.051366470499165,12.049608685440774,50.0,1.9541918198331873,2.0015314800757547,2.1610655131968386,2.3106482052692843,10.0,8.087761067901562,8.188840363372577,8.439649072950576,8.82240434287864,40.0,False,,
C0317,8,52,125.0,5.0,10.206896158595107,10.505054981915649,11.394564177452304,12.486080479747358,50.0,2.0768965871573744,2.1335133911094832,2.3065687125941086,2.5071387852792406,10.0,8.093838232357374,8.400240251841339,9.437255265962715,10.498199719068225,40.0,False,,
C0318,6,54,125.0,5.0,9.883865335037882,10.146248307933414,11.023472163953146,11.873465319577734,50.0,2.0819104168912137,2.1478917814313654,2.358204580828156,2.5900881477942272,10.0,8.680317103371326,8.930902782934709,9.593704225916968,10.593854121763814,40.0,False,,
C0319,4,49,125.0,5.0,10.037856643978417,10.31344588837739,11.227414381957725,12.13334722584394,50.0,1.9464912846623288,1.9626534689368482,1.9960420905133582,2.0624840682984718,10.0,7.732664652658119,7.834863424408783,8.131447076505838,8.477054100667978,40.0,False,,
C0320,5,49,125.0,3.3,10.003008340218036,10.175967543566715,10.620909583667563,11.278366581125782,50.0,1.959683732306995,2.0136703126613336,2.192410892922077,2.3702963436719857,10.0,8.118440235849308,8.322423758759964,8.937841958091232,9.658577954648214,40.0,False,,
C0321,5,49,125.0,3.3,10.22416203298658,10.33366391592999,10.647726464353841,11.015747889846528,50.0,2.0541130838218042,2.0891445701678855,2.2191933995842987,2.3122424400316324,10.0,8.12508503170992,8.308524728820919,8.890651159989858,9.499482113623639,40.0,False,,
C0322,7,45,125.0,5.0,10.58265376777359,10.702428938329792,11.022172625804888,11.450091175347405,50.0,1.9172415759265338,1.907346784261819,1.8847399456599088,1.8490412548459336,10.0,7.898464975549786,8.01562884918119,8.401178890320098,8.756025499972644,40.0,False,,
C0323,4,49,125.0,3.3,10.823696998801665,10.86315335223786,11.053416647810835,11.102930382323347,50.0,1.9589466011984986,1.9564358283119958,1.9631674700799748,1.941438625786726,10.0,8.29773343549987,8.526598549958806,9.303892827629427,10.038615905927168,40.0,False,,
C0324,3,52,125.0,3.3,10.154810040954583,10.381967923170846,11.019494604772445,11.855693316167939,50.0,2.0089592767368436,2.0286848940668842,2.0801937959083836,2.1511731457268524,10.0,8.310091674740285,8.508645143130572,9.100693174794658,9.80365437941152,40.0,False,,
C0325,1,121,125.0,5.0,10.294773443017801,10.492078048704025,11.196062448127051,11.75790174602492,50.0,2.0995938684822257,2.1527392761873534,2.323125752958213,2.501083934089003,10.0,8.130964438079015,8.311122112560057,8.90193361896641,9.479060024955176,40.0,False,,
C0326,4,49,125.0,5.0,9.424567745407217,9.571592161030496,10.02490152125353,10.503176267935986,50.0,1.9395401383820459,1.9805381293967663,2.0988607518680573,2.245379871546269,10.0,7.897744117980881,8.052388288811585,8.543083754468562,9.04595883877419,40.0,False,,
C0327,1,121,125.0,3.3,9.95606162879219,9.860919629704055,9.525252161972222,9.308859521173266,50.0,1.8157615537969327,1.8554244446597683,1.9774330054136893,2.112272866531817,10.0,7.856987956578186,8.047995615279595,8.575315503864852,9.29560354753537,40.0,False,,
C0328,1,121,125.0,5.0,10.470144732441794,10.548951682740618,10.752414038175981,11.034407318150883,50.0,1.808340253248179,1.879786754628688,2.1196663164975162,2.3718061880209866,10.0,7.452898440481176,7.619052438736827,8.217424572026868,8.696720632413413,40.0,False,,
C0329,5,49,125.0,3.3,10.432984319208577,10.758581134996957,11.750332140278319,12.937002677726651,50.0,1.8740586933293866,1.8877563829425537,1.9304353817162485,1.9720707952074934,10.0,7.677632888552924,7.835722515495252,8.269868676876879,8.855014631783561,40.0,False,,
C0330,7,45,125.0,5.0,10.105804866397525,10.240755157067753,10.588600204028443,11.089154414909155,50.0,1.8686832281800063,1.9055442502550481,2.0062760772599857,2.1424916699109517,10.0,7.7511969904393245,7.856534523859847,8.198374312386544,8.519311874675623,40.0,False,,
C0331,1,121,125.0,5.0,10.443196979783977,10.68971821857007,11.470186653670197,12.295975321785923,50.0,1.9845389241380091,2.0302713440699125,2.1595959115352525,2.327667085874237,10.0,7.550411295028226,7.829305838482697,8.746356340754048,9.732830285233065,40.0,False,,
C0332,2,53,125.0,3.3,10.245383354496909,10.30780996803075,10.432931851227343,10.69043912749445,50.0,1.8811119846402395,1.9048841024981573,1.9643583407819696,2.0539600838536813,10.0,8.175969586675066,8.25360696330802,8.502672655260357,8.735160393312487,40.0,False,,
C0333,1,121,125.0,5.0,10.60015312912966,10.964661175919515,12.002835224627727,13.43054624548757,50.0,1.9297245040178796,1.9688656222392937,2.0962555992350023,2.2209596165462586,10.0,8.478651147594803,8.684481953726277,9.3093654209281,10.028750324601324,40.0,False,,
C0334,9,13,125.0,3.3,10.144679578478556,10.332962025431199,10.898308309603479,11.53835315613517,50.0,1.922591411501795,1.9302827512463454,1.973701400923041,1.9770812696048592,10.0,7.63677502706834,7.765054462575132,8.196731052029099,8.581269903016237,40.0,False,,
C0335,2,53,125.0,5.0,9.822150842214482,10.04708206430474,10.656323494014138,11.50906519766234,50.0,1.9559492139152006,2.022645247767237,2.2519288252611696,2.4733899056772257,10.0,8.113376574297854,8.418402801757008,9.330659148199206,10.505049683934853,40.0,False,,
C0336,1,121,125.0,3.3,10.167920628466511,10.607762484267285,11.999477345616363,13.676457630996635,50.0,2.132250433152312,2.160361712566599,2.2256380358530454,2.336985591659205,10.0,7.586355544188116,7.669541257518427,7.92200305193312,8.188164529058291,40.0,False,,
C0337,1,121,125.0,3.3,8.534702812073611,8.834820524223499,9.755445887521459,10.870604651677633,50.0,2.066194758943052,2.1494913378597267,2.437271703160389,2.7247230245264675,10.0,7.878031131624335,7.977667485595948,8.260845067497607,8.602513416851393,40.0,False,,
C0338,1,121,125.0,5.0,10.191442868192524,10.364028265409384,10.85203980791737,11.462677555364051,50.0,2.0016129415276005,2.040995190087947,2.1739835140202834,2.2941048697350523,10.0,7.72386816832889,7.803438063016484,8.01984847936613,8.298370062491705,40.0,False,,
C0339,2,53,125.0,5.0,8.175793587392608,8.29080900130671,8.732152872723223,9.01568773946236,50.0,1.9538973719419162,2.0130624309772442,2.1845154586625886,2.4076325957570837,10.0,8.240758259442577,8.432229397534051,9.053117269661755,9.678183322149808,40.0,False,,
C0340,2,53,125.0,3.3,9.13826829629729,9.29128448564537,9.768633048613022,10.264714544302418,50.0,1.9566767343376978,1.9947673041881675,2.1103419296425043,2.239397564741981,10.0,7.728484730463129,7.776938414506107,7.966820176101503,8.074106978507638,40.0,False,,
C0341,7,45,125.0,5.0,10.225884300470492,10.482543591419239,11.305677014649817,12.163582124735434,50.0,2.032774646995195,2.072805187107392,2.2097271192543406,2.3300969663794837,10.0,8.404664165482659,8.532538735871784,8.91263189425394,9.341695192185453,40.0,False,,
C0342,2,53,125.0,5.0,10.238764668633397,10.432766310525512,10.939075047420047,11.676454452152099,50.0,2.058416907335229,2.0875634869430946,2.1834957787630267,2.271317266174847,10.0,7.90171169053512,7.889672182498264,7.884319644542199,7.817819383516912,40.0,False,,
C0343,1,121,125.0,3.3,9.418785609930035,9.569934123474958,10.005266672123488,10.52914648952393,50.0,1.90923824938994,1.949697374001376,2.0627017640361247,2.2111066411292555,10.0,7.740158516162068,7.913570680401527,8.459571678823353,9.038747812789438,40.0,False,,
C0344,7,45,125.0,5.0,9.64394897906053,9.978322169890463,11.064521767407792,12.242587837294794,50.0,2.003648075561423,2.050092611793589,2.2026920286924905,2.352262049605058,10.0,7.498677895061935,7.611141951921802,7.923230816685823,8.322246196522986,40.0,False,,
C0345,6,54,125.0,5.0,10.685270494307066,10.88677226832549,11.455380978263664,12.178136693388582,50.0,1.7968380431336972,1.8186829487516702,1.865669334761693,1.955443901376644,10.0,8.10128180411814,8.1427557699694,8.257791632397907,8.39609659113106,40.0,False,,
C0346,8,52,125.0,3.3,9.757984934213662,10.177538190145336,11.599997712586397,13.102022031927175,50.0,2.0211713784170597,2.0590674440417325,2.174646885881248,2.30184017877031,10.0,8.358087360890472,8.615985290406895,9.424281808166361,10.339349232911886,40.0,False,,
C0347,1,121,125.0,3.3,11.121460156201493,11.353981257397937,12.008472131300188,12.854830340728089,50.0,2.0762149241958685,2.1050722589703583,2.206556972330015,2.286836974779907,10.0,8.10932850261475,8.165472068157058,8.307208109579298,8.51059101506209,40.0,False,,
C0348,4,49,125.0,5.0,9.999040073411827,10.377535576556587,11.584564585025147,12.969097728684307,50.0,1.9719931373119124,2.056782217692183,2.3338717033394643,2.6478035904688064,10.0,8.895532666565769,9.144335706177678,9.954563307320365,10.790296464913428,40.0,False,,
C0349,3,52,125.0,3.3,10.204018088440634,10.44455938873635,11.167922002974663,12.011674279422659,50.0,2.1816526996140104,2.2233281398421294,2.347321781413418,2.4906417183802407,10.0,8.571914980988167,8.683260657193676,9.036640730706518,9.38237391059024,40.0,False,,
C0350,3,52,125.0,5.0,10.808437199249305,11.128686932047488,12.157482735010671,13.25958877279911,50.0,1.911876155256395,1.9796566034131646,2.207532423843139,2.4398914198754067,10.0,7.876988894113194,8.160684271563577,9.002388332291373,10.090777531851453,40.0,False,,
C0351,5,49,125.0,5.0,10.06551355809671,10.19388800562466,10.555008295292883,10.999257683722004,50.0,2.0217440415303263,2.0582239395439252,2.182244918254929,2.2913495445332126,10.0,7.8727890264771725,8.089255339583193,8.702563573977413,9.518929911019004,40.0,False,,
C0352,3,52,125.0,3.3,9.498828009654599,9.607707449677548,9.928425303298194,10.287698986052755,50.0,1.9964175253334044,2.0415223397566993,2.197343050399039,2.334375490528092,10.0,8.187878687794141,8.269098524767967,8.535710566067316,8.773618950050086,40.0,False,,
C0353,2,53,125.0,3.3,9.945136274152855,10.189757383322549,10.947377804609001,11.789149489641655,50.0,1.9899702332556592,2.003474886222097,2.053479367398109,2.086449316651811,10.0,7.664792327829726,7.747795701284641,7.9696174304502545,8.26503635986259,40.0,False,,
C0354,7,45,125.0,5.0,9.982194631904955,10.28051783324595,11.188818397358894,12.267292897458203,50.0,1.9885677831995252,2.019448797334116,2.126434636234222,2.215070374685495,10.0,8.466515322612995,8.687112513347854,9.398165073571718,10.13677794054118,40.0,False,,
C0355,7,45,125.0,3.3,9.317629173899217,9.507732708951988,10.126134261871513,10.73263138691355,50.0,2.010710503000947,2.055157955798984,2.2025246049919436,2.343252922325813,10.0,8.144640208737433,8.286163258179428,8.759729596454871,9.18846522587763,40.0,False,,
C0356,2,53,125.0,3.3,9.872083964329589,9.942531813465179,10.169012501186405,10.37590250027107,50.0,2.08479587434637,12.354191875511972,14.358719871520538,16.160353312789102,10.0,8.102583564343414,8.250914117488922,8.657032838478475,9.199693405416305,40.0,True,single,I_ddq
C0357,1,121,125.0,5.0,9.62890395300128,9.690504060458643,9.87330247205822,10.068469222711093,50.0,2.1377736236274743,2.1852745853701827,2.3352492412643095,2.493284393763677,10.0,8.274781467108326,8.54555208200176,9.345766379909502,10.366727411912029,40.0,False,,
C0358,7,45,125.0,5.0,10.462178878593717,10.52211289292734,10.680944762476518,10.888996358292463,50.0,1.9997749755495842,2.067441768575298,2.281782511260053,2.5243305645675767,10.0,8.689131953347623,8.797860028287428,9.208732581823341,9.479402901305466,40.0,False,,
C0359,1,121,125.0,5.0,10.017305937092628,10.040583940969643,10.151011273251012,10.181392325574771,50.0,2.0815316072171632,2.1364992183070215,2.2962611994128084,2.4981649376295834,10.0,8.068382140875002,8.237115714102437,8.780192660899226,9.326257712571765,40.0,False,,
C0360,1,121,125.0,5.0,9.858602125426215,10.06656789390822,10.704522003413997,11.409797873247268,50.0,1.9298233053733218,1.9998257418017353,2.2148105017727358,2.476508365566549,10.0,7.954783851651446,8.189818106257304,8.918679343543335,9.753253077767166,40.0,False,,
C0361,5,49,125.0,5.0,9.946909034688712,10.257754310875079,11.232546795032967,12.337784264063906,50.0,2.0765955452726232,2.1169013881236887,2.2394116741855177,2.3757070458860365,10.0,8.603487849329031,8.845169931115663,9.566835327714685,10.444699943036635,40.0,False,,
C0362,3,52,125.0,3.3,10.111561009203083,10.312435683907378,10.945047842017836,11.604315593726628,50.0,1.923800847617301,2.008259989337108,2.287301415466441,2.598836038987432,10.0,8.387020166396454,8.5413738231113,8.998663912963204,9.52901442020627,40.0,False,,
C0363,1,121,125.0,5.0,10.30840709984489,10.281562486510433,10.287985561506833,10.121956505383253,50.0,2.109065993608813,2.1410099872310595,2.2559098162891105,2.3430946739471272,10.0,7.871608063846511,8.006298686509316,8.374208038028758,8.864244868788587,40.0,False,,
C0364,1,121,125.0,5.0,9.50014388566531,9.672024245169876,10.138147694190037,10.770615879114155,50.0,2.221064087739324,2.2484617609485182,2.3322117702186573,2.420092699931773,10.0,8.002074579463608,8.022974760942711,8.121719773544001,8.149527201903556,40.0,False,,
C0365,1,121,125.0,5.0,9.479206183689364,9.907085994253565,11.310135853125658,12.91188681418086,50.0,1.9877916112028609,2.02618612946838,2.1458768353427558,2.272637901074183,10.0,8.07815236637552,8.260655687910075,8.833279282744,9.445596794592335,40.0,True,compound,
C0366,5,49,125.0,5.0,10.552339607701265,10.984563306152253,12.273102343849972,13.976132665651852,50.0,1.7807456509192592,1.85787018439827,2.1212565006335944,2.396051793882605,10.0,8.144725177841993,8.333549165481648,8.975503396498087,9.562058693714121,40.0,False,,
C0367,1,121,125.0,3.3,9.793831563897635,9.846998562330555,10.019110181239101,10.172116783583506,50.0,1.9451927066755177,2.000036395226621,2.171504960803735,2.363140241075866,10.0,7.457360059624355,7.596224889529328,8.012445538640357,8.485433255101858,40.0,False,,
C0368,6,54,125.0,5.0,9.291578953701563,9.441110414875663,9.98229944744824,10.390211976702817,50.0,2.12318751342893,2.158557254006601,2.274985709100974,2.3834985863938227,10.0,7.383006156879376,7.5361981508406775,7.9732982126497,8.524458071207372,40.0,False,,
C0369,8,52,125.0,3.3,10.221906354691553,10.600715145339647,11.852359084120744,13.187265944320892,50.0,2.0553076787025244,2.1220850916741534,2.3328751999089055,2.5708603811941826,10.0,7.645043991199018,7.877396266659646,8.599320094526746,9.42755158726403,40.0,False,,
C0370,1,121,125.0,5.0,10.231684903016344,10.482358967095069,11.281451754185579,12.120771207296894,50.0,2.024891359867503,2.079314206703787,2.2664014285853504,2.4379819299471737,10.0,7.614104622795463,7.675982691516744,7.761459717609352,8.057955550440372,40.0,False,,
C0371,8,52,125.0,3.3,9.234642371371647,9.471355166569504,10.189890977882385,11.02463881772486,50.0,2.100866835595484,2.1841898922990555,2.4623201673973045,2.758300632938884,10.0,7.742470394410999,7.879033612321426,8.298332414998537,8.750509731865357,40.0,False,,
C0372,1,121,125.0,3.3,10.114740857731803,10.328625593754696,10.999508270323464,11.710331261610026,50.0,2.048445343924842,2.057707741209338,2.0733317410499876,2.1141682949825236,10.0,8.253884256836002,8.434537926472645,8.992915065701663,9.604589783188114,40.0,False,,
C0373,8,52,125.0,3.3,10.367791546214187,10.60935523544666,11.354016004995648,12.181629830797796,50.0,2.1217725187451135,2.1585776312660916,2.2747036973172428,2.3932098697486976,10.0,7.932428337470105,8.035219921790235,8.386095867373664,8.680553749730286,40.0,False,,
C0374,4,49,125.0,5.0,10.187193225853132,10.470153675762319,11.322400275042328,12.340823193381128,50.0,2.0919423676646987,2.1241055342277835,2.2419162229098375,2.327739300828837,10.0,8.078557842004075,8.355771705487834,9.15860331880033,10.230642933484654,40.0,False,,
C0375,1,121,125.0,5.0,10.315990741880698,10.438804023004543,10.800409755070932,11.207004533170176,50.0,2.152170045273696,2.1527364388287475,2.1524842602170806,2.1561379317845355,10.0,7.510278635983095,7.728721609153671,8.47184824296117,9.179464566474522,40.0,False,,
C0376,4,49,125.0,3.3,9.297865450954625,9.565463465221166,10.425691338810914,11.340770910766752,50.0,2.0358796083906254,2.098184185902766,2.301914955763256,2.5141588343926795,10.0,7.815343118831622,7.994324896222324,8.591347617473838,9.157654668889686,40.0,False,,
C0377,8,52,125.0,3.3,10.165520077498098,10.229257581701905,10.382894876882103,10.620163134535387,50.0,2.0905259401493956,2.126683748812044,2.2450639341175402,2.357148922782573,10.0,8.234903064697937,8.54735437377561,9.617488377496967,10.68737438918357,40.0,False,,
C0378,9,13,125.0,3.3,9.848690120264777,10.078003866768446,10.754947784930382,11.57046482981599,50.0,1.9692872926914216,2.023238501877831,2.182751203986483,2.3794418492960534,10.0,8.23798098327072,8.27926189484271,8.402134500217446,8.531327899740042,40.0,False,,
C0379,5,49,125.0,3.3,9.758604920637678,9.971219643488885,10.564917320255926,11.3477971835764,50.0,1.9398539188440993,2.0244271255648574,2.3067954522261402,2.615175722094385,10.0,7.7101704687248365,7.863778168655193,8.385503836486825,8.851867320449896,40.0,False,,
C0380,1,121,125.0,5.0,10.435277804709862,10.579671464959988,11.046489945593185,11.488972232349912,50.0,2.1706767640418976,2.2064225205837897,2.3010814097631,2.433603532373765,10.0,8.064664954551821,8.25550210279205,8.79039532520147,9.499187720057735,40.0,False,,
C0381,2,53,125.0,3.3,10.739637255337115,10.951993684163508,11.646258979919798,12.317274385742664,50.0,2.021620467632269,2.0535387620874737,2.145616435286128,2.2559142052719476,10.0,8.879539141392932,8.975921650871141,9.30444651661212,9.576588260249036,40.0,False,,
C0382,10,12,125.0,3.3,10.89718502730018,11.04728937554098,11.523454698720412,11.992346305183036,50.0,2.080488056586238,2.1245666115965176,2.2746541338782658,2.409356708589234,10.0,7.992960828297745,8.176856040396187,8.720563680674145,9.372562704560904,40.0,False,,
C0383,9,13,125.0,3.3,10.657403935752953,10.756336475079532,11.112046161905013,11.369519063799972,50.0,2.012374001441139,2.0724885905313157,2.2678613314284326,2.472821972953175,10.0,7.722725221543022,7.791721400628946,7.936354417251799,8.218837862669274,40.0,False,,
C0384,10,12,125.0,3.3,9.945132909184908,10.10886811132866,10.621090450519622,11.149468472712481,50.0,1.9413484349080035,1.9691735291588852,2.051936031234341,2.144702134374137,10.0,7.930495044255136,8.14386955904372,8.769491578324132,9.550230948174502,40.0,False,,
C0385,7,45,125.0,5.0,10.176360081513172,10.363464013895115,10.945670685078227,11.560585011492797,50.0,2.0010982892582403,2.069594821545976,2.289475782780944,2.532717663076146,10.0,8.036870843010734,8.726023743062443,11.16875062858469,14.295284344451304,40.0,True,compound,
C0386,6,54,125.0,5.0,10.383411435892121,10.624597053411392,11.399582794971003,12.194019873102482,50.0,2.1435994017767714,2.209133292684849,2.417276294870912,2.6466205607964683,10.0,7.93953264772378,8.119945299971496,8.65035550415954,9.29184789789583,40.0,False,,
C0387,8,52,125.0,3.3,10.06058897464973,10.146095379718988,10.402236457051252,10.674613195852965,50.0,2.0555240074279424,2.1044175097795548,2.2583293526750805,2.4231931125248702,10.0,7.987458119729399,7.999215832602412,8.049700907502773,8.07012646267077,40.0,False,,
C0388,2,53,125.0,5.0,10.065382093955773,10.33835294362011,11.17275880324476,12.13885955593059,50.0,1.8288526840269541,1.8280346699884717,1.8315782056187715,1.8231342635851542,10.0,7.422621281225264,7.499312285202191,7.664246282946759,7.976387733855673,40.0,False,,
C0389,1,121,125.0,3.3,10.41187656593809,10.497099955051707,10.87606639557841,11.023290772235942,50.0,1.9784755543423844,1.9938009882318197,2.033072302825913,2.0882789798234205,10.0,7.61494780996562,7.81024913818727,8.337101433183552,9.091857622548924,40.0,False,,
C0390,8,52,125.0,3.3,9.970358676987034,10.113304216273809,10.530704582564288,11.015058481371721,50.0,2.178229379270471,2.2544943274939095,2.5001918440873565,2.7715477175273575,10.0,7.940265905171401,8.100754451938002,8.660972441250369,9.13414704066382,40.0,False,,
C0391,1,121,125.0,3.3,9.63535653181317,9.767880897158044,10.142609538226578,10.60219414982655,50.0,1.9786203138150045,2.02614535474727,2.1722829360360794,2.3362504955997716,10.0,7.933892811991026,7.878831388190892,7.75079758309491,7.556395349880304,40.0,False,,
C0392,3,52,125.0,3.3,9.792763467082072,10.118387221174203,11.185896761134588,12.312535041977597,50.0,1.8199521308265818,1.8424795723551275,1.8965924425422538,1.983622290019449,10.0,7.773524290056,8.025606497631314,8.785632871586662,9.719351192996818,40.0,False,,
C0393,4,49,125.0,3.3,10.31695518886687,10.557370158326805,11.32700034543394,12.122186934300395,50.0,2.1893048885422544,2.229360199356706,2.343143439325914,2.4855598392480003,10.0,7.929194565569425,8.098614217148189,8.628774283045514,9.193916031615322,40.0,False,,
C0394,7,45,125.0,5.0,10.001496645599978,10.180350029352898,10.660918703036906,11.322674224024386,50.0,2.0682392509812795,2.109877802063313,2.2574540545184605,2.377915760603805,10.0,8.024405942165682,8.119168185000204,8.453093764528125,8.711710180020503,40.0,False,,
C0395,3,52,125.0,5.0,10.170104988434169,10.424227378957374,11.288344184558078,12.088001730573646,50.0,1.99299871411872,2.0475218448108206,2.224476047270846,2.4074523296879855,10.0,8.35576538260981,8.60601684565582,9.42235333015365,10.2730149490741,40.0,False,,
C0396,6,54,125.0,5.0,10.335039621101094,10.323961249533783,10.285950648502663,10.25773995357984,50.0,1.962858226391793,1.9754546061375748,2.000404084297098,2.0527487050549613,10.0,7.96031530590958,8.065587290676682,8.396048044852844,8.727107952102617,40.0,False,,
C0397,3,52,125.0,3.3,9.812579268551195,10.375706710128544,12.266515554994033,14.501894479537233,50.0,2.1082351929791736,2.1778655975876675,2.4008615829040405,2.646690570184492,10.0,8.159641282119301,8.396904105004847,9.150895043741194,9.972589784806033,40.0,True,compound,
C0398,2,53,125.0,3.3,10.378124081814903,10.792991063375624,12.21193442572927,13.654618447790703,50.0,1.9458016599773806,1.9900288707860638,2.1276401174475694,2.277320849318619,10.0,7.783359879426431,7.966918953480847,8.512764807920242,9.162840478649128,40.0,False,,
C0399,5,49,125.0,3.3,10.189421301729197,10.406695070879271,11.121395255470729,11.811163717306556,50.0,2.1148256424515988,2.155010827992279,2.298005343947993,2.4126748147476276,10.0,8.228838289439393,8.539973829911952,9.547249535313686,10.670004733122028,40.0,False,,
C0400,6,54,125.0,3.3,9.38259345654426,9.57661734224176,10.118711304065943,10.827982554147562,50.0,2.0542195285724256,2.1070511621495323,2.271715984116168,2.4538298532920164,10.0,8.150292119044943,8.44562505923799,9.39656029090509,10.456432331284354,40.0,False,,
C0401,1,121,125.0,3.3,10.721152395593123,10.99434112240992,11.961743392114656,12.786027617787191,50.0,2.024468192548735,2.0400665702151306,2.1012288937212023,2.1362133687601053,10.0,8.346326801271928,8.543276034537657,9.149953745915886,9.826497718430954,40.0,False,,
C0402,5,49,125.0,5.0,9.749627628121543,10.031938356925053,10.964871400066933,11.905998167676847,50.0,2.0145514805335596,2.0620370511794643,2.2152068441927715,2.371401181067221,10.0,8.285384184977795,8.489402296929342,9.114298059686682,9.823446747153536,40.0,False,,
C0403,2,53,125.0,5.0,9.172452328407408,9.172684694794418,9.172914164966352,9.174079016739343,50.0,1.9825031963285822,2.0437939403999112,2.2445477238223654,2.4534452628390735,10.0,8.235494249152458,8.465387983169457,9.19764550907981,9.985965515052841,40.0,False,,
C0404,5,49,125.0,5.0,9.477478145206849,9.507585583468213,9.674801415361259,9.690249391585294,50.0,2.1045640120209264,2.156900700208492,2.3063434317901637,2.4994141363902203,10.0,7.960633036536888,8.019781839542297,8.201288932572412,8.38401899172687,40.0,False,,
C0405,3,52,125.0,5.0,9.489477419660838,9.699222512637188,10.364934781467609,11.05871532869273,50.0,1.9134657167898166,1.954396886573981,2.0922811413681353,2.2190404663924457,10.0,8.097975690817787,8.312098180389517,8.941916938315927,9.721109566625644,40.0,False,,
C0406,3,52,125.0,5.0,10.026086659328767,10.15493424891227,10.550015920982108,10.963547084378387,50.0,1.837807487316979,1.872801481036252,1.9785135166980157,2.0972109169854014,10.0,8.42540357138061,8.532062990606699,8.895731621230365,9.200980216927517,40.0,False,,
C0407,7,45,125.0,5.0,9.863074747226882,10.18974227448667,11.199009933644886,12.38991854577949,50.0,2.0614440122892477,2.0854629034346965,2.168529789831951,2.2355686876697924,10.0,7.739170172238882,7.918601135234305,8.440832786178236,9.086003453449893,40.0,False,,
C0408,10,12,125.0,3.3,9.831584016179704,9.997229061564251,10.541677488396237,11.051380498100757,50.0,2.0631238328067147,2.1029008893429384,2.217827554059974,2.3581957746439595,10.0,7.748636888521254,7.885983985789452,8.303735122604198,8.762728928156077,40.0,False,,
C0409,6,54,125.0,5.0,10.309850982741239,10.316600766328712,10.361509573271661,10.357192368885455,50.0,2.0480241152511764,2.114783677204421,2.3304666271315932,2.5636058333608434,10.0,8.072572559180145,8.274484416242696,8.897873566179655,9.596543865054727,40.0,False,,
C0410,9,13,125.0,5.0,10.169937680596352,10.244380209083957,10.471761810291891,10.702619097319658,50.0,2.040772836961804,2.079159192270103,2.2025748106300216,2.325124476649969,10.0,8.166111876106182,8.339078574710292,8.896172680606309,9.456588885468381,40.0,False,,
C0411,8,52,125.0,5.0,10.158023935322143,10.081871665810699,9.817889362846122,9.636798172762868,50.0,1.9679459621662452,1.989794019729994,2.0552202493343743,2.1260713497468915,10.0,7.670357400294398,7.588052143509057,7.268558630682125,7.112438825494752,40.0,False,,
C0412,1,121,125.0,5.0,10.204914228664347,10.385120202970514,10.95216760971481,11.535184371779795,50.0,2.0787482704385525,2.110090658003329,2.2114459426277446,2.3083220379234723,10.0,7.9700949746346765,8.143754713452022,8.726468748725269,9.268123475162378,40.0,False,,
C0413,4,49,125.0,3.3,10.30806733400112,10.49480991799616,11.071716971151218,11.688494012434592,50.0,1.9954441873245459,2.039360926653253,2.174096224707216,2.3239198666661096,10.0,7.962400490308486,8.172779289937063,8.807942483134662,9.55705946650285,40.0,False,,
C0414,2,53,125.0,5.0,8.946023329111279,9.086971262653039,9.459784444585534,9.980537344589406,50.0,1.9512886439184822,1.9830260805864162,2.0746146755942507,2.184589691402554,10.0,7.113887953758612,7.287888555888628,7.883642092403988,8.425000528128312,40.0,False,,
C0415,1,121,125.0,3.3,9.81778087386777,10.120058471291156,11.002319823455874,12.13950963171261,50.0,1.96881086877446,2.0177417899334156,2.1893878583226494,2.3379495359313074,10.0,7.912162404296496,8.06228888571442,8.509582995913535,9.0247947069863,40.0,False,,
C0416,3,52,125.0,5.0,8.909894967755264,9.194879725711719,10.134257663238312,11.106746575663372,50.0,2.202063969877583,2.257618603349342,2.4455938136678728,2.6216483592899684,10.0,7.937072866860613,8.226153894278013,9.155881060910188,10.195666132546835,40.0,False,,
C0417,2,53,125.0,5.0,10.018029963398897,10.201320999360897,10.63142973591022,11.373678203535546,50.0,1.8265023917954566,1.879269738684116,2.0391087991158914,2.2294737946002394,10.0,7.935882822870792,8.11931068599721,8.778632667311918,9.31242183506062,40.0,False,,
C0418,1,121,125.0,5.0,9.997683513887827,9.984217267300242,9.954140195626483,9.903799835650592,50.0,2.0499788104295797,2.1201610541734675,2.3521223279880856,2.5946915410642353,10.0,8.566365709830908,8.775185719536355,9.41960699269067,10.139453562646258,40.0,False,,
C0419,2,53,125.0,3.3,10.52276613739484,10.798176557267151,11.640524631918437,12.608791348311206,50.0,1.8320889572376282,1.8869757541012941,2.054044745784123,2.2526042394015966,10.0,7.51368068059645,7.742434079862052,8.523808687573432,9.268857578569685,40.0,False,,
C0420,9,13,125.0,5.0,10.593817196360561,10.864527387677262,11.795531176744609,12.64040606546445,50.0,1.9891766661677026,2.010376534020802,2.063048308981028,2.1424056625052565,10.0,7.670150971518155,7.8513654214374045,8.422747938487978,9.032185805523667,40.0,False,,
C0421,10,12,125.0,5.0,10.101387524126183,10.33466811607724,11.040027711357672,11.851942779284968,50.0,1.9566372514845813,1.9780911049525667,2.0544392986984312,2.111845412633022,10.0,6.955121680672266,7.031765886821715,7.28189730570633,7.5096972129001,40.0,False,,
C0422,3,52,125.0,3.3,9.74981946130155,10.040508354134358,11.001775576398368,11.975963660513111,50.0,1.7914971703320122,1.8259696698819559,1.9169447598015277,2.047190025657302,10.0,7.807633333530344,7.773409555498751,7.674319171785037,7.571194300910894,40.0,False,,
C0423,4,49,125.0,3.3,10.24258055627287,10.328123711276206,10.56804895773275,10.85659631036708,50.0,2.0389037590433765,2.0704828029056124,2.1782329526950273,2.2704975329575623,10.0,7.841742578349599,7.961162836992834,8.365761486923423,8.716859777351571,40.0,False,,
C0424,5,49,125.0,5.0,9.736041181337843,10.126335256595928,11.400107083367908,12.81951805516234,50.0,1.9619961937807804,1.978902190600633,2.0279334972217065,2.083441648948058,10.0,7.796009129466298,8.01125269472358,8.663503108765894,9.433415868826255,40.0,False,,
C0425,1,121,125.0,5.0,9.999303674278325,10.103353653191931,10.460441781775145,10.750789000078672,50.0,1.7900793657438756,1.8179743193910785,1.902280282017,1.9947133298606672,10.0,8.443070935793504,8.582120180776084,8.968812505230384,9.465847752596575,40.0,False,,
C0426,3,52,125.0,5.0,10.493068158480384,10.781545994060139,11.668394070112365,12.686806510286832,50.0,2.083956809077425,2.1157473006688665,2.21859430464191,2.3169373230735943,10.0,8.344247008934785,8.577984251478831,9.289463958990376,10.124505057309115,40.0,False,,
C0427,2,53,125.0,5.0,9.721114327005289,9.751507615077387,9.892305558798157,9.9358733061754,50.0,2.1435006177988933,2.171969569702422,2.2662318196229982,2.350901731998721,10.0,8.031142689706922,8.203710115529015,8.748340162281943,9.319832094487701,40.0,False,,
C0428,8,52,125.0,3.3,10.40283931962125,10.514122165349796,10.801230599087951,11.207268814628607,50.0,2.149012434229657,2.185206327590789,2.2879941728255972,2.415536341838408,10.0,7.851754778584055,8.109925663378867,8.9266302122033,9.847313150425022,40.0,False,,
C0429,1,121,125.0,5.0,10.33870068434615,10.702247513689276,11.88888992233231,13.168283323333558,50.0,2.035895644065147,2.1006055864755298,2.3156198117233706,2.5344196898951568,10.0,8.410475867242745,8.553856254679147,9.030788975517053,9.466952986923523,40.0,False,,
C0430,3,52,125.0,3.3,9.522604091434589,39.29335053979599,45.37343949182048,51.26232510662018,50.0,2.0046058138577116,2.0486918674931642,2.188092755984459,2.3343318234354826,10.0,7.992096856065659,8.189311023039586,8.86811332667254,9.479100508413952,40.0,True,single,I_leak
C0431,1,121,125.0,5.0,10.486947064108701,10.784768244370634,11.768657766079343,12.757960808673314,50.0,2.1328156620895795,2.228191106442434,2.5247227473594114,2.8969908772902904,10.0,7.672691984432617,7.864960826918315,8.429829113953234,9.124085844717186,40.0,False,,
C0432,4,49,125.0,3.3,10.349283172685752,10.580792020310959,11.41520187895757,12.082745396247544,50.0,2.1682383585340097,2.2153001495984084,2.360696754173824,2.5199150363211507,10.0,7.31350052900618,7.569590200484753,8.362129739671849,9.305823184423643,40.0,False,,
C0433,2,53,125.0,5.0,10.05096294368633,10.241432897194102,10.793416106385695,11.462491741194658,50.0,2.1133568702875625,2.1494938827314582,2.277274761771482,2.3796684585644106,10.0,7.8234742024417265,7.846425357100253,7.858839508502205,7.985553151255702,40.0,False,,
C0434,5,49,125.0,3.3,9.618838270986174,9.942401593419493,10.904159081226975,12.125603759359427,50.0,1.90584623977702,1.9440419309612325,2.0805800853850394,2.1898392620849174,10.0,8.301857446869043,8.429838194328369,8.915337930720632,9.240235509113345,40.0,False,,
C0435,1,121,125.0,5.0,9.570396990712215,10.066937960241692,11.716548894473881,13.636472037352389,50.0,2.020134485321492,2.1581597765327745,2.6314403419131245,3.208510485804944,10.0,8.910615475817236,9.63559975629122,12.184056370545214,15.406537568530437,40.0,True,compound,
C0436,1,121,125.0,3.3,9.731168711548488,9.75250545622162,9.849213953251382,9.8815119727281,50.0,2.043951614429143,2.0937270270021906,2.237050993493412,2.41889351429609,10.0,8.024644138475791,8.309189712496769,9.246938771972523,10.241322202728146,40.0,False,,
C0437,3,52,125.0,3.3,10.27129723164598,10.394219998950794,10.79870331974016,11.16327311829347,50.0,1.819038303108277,1.8931952436328061,2.1395385777403253,2.406117151203135,10.0,7.693857793951878,7.866205710617386,8.35042756651508,8.984463880144856,40.0,False,,
C0438,1,121,125.0,5.0,9.522187416299301,9.765116674055403,10.537111173436605,11.35851893028576,50.0,2.0469360659620772,2.0705716178107347,2.1522459250496238,2.2182277190297777,10.0,7.526013916686314,7.654505238870959,8.053244909144523,8.472854919147453,40.0,False,,
C0439,4,49,125.0,3.3,10.218756124309936,10.463547357824757,11.170595645199995,12.06047470331692,50.0,2.227299182597939,2.29097869208183,2.502197174728996,2.713163734160807,10.0,8.22078195852224,8.447438647949332,9.188935627675688,9.944811301607517,40.0,False,,
C0440,6,54,125.0,5.0,9.379122235560803,9.419728371479998,9.579194189416288,9.667083760893865,50.0,2.063993616580079,2.1095614479848432,2.2612305365781697,2.4048897008282744,10.0,7.294153579046292,7.503401157903902,8.157531337849708,8.891146017750373,40.0,False,,
C0441,7,45,125.0,5.0,9.897965707780575,10.024229847758289,10.349006066302309,10.816367733456909,50.0,2.1473413081441755,2.156551303489519,2.18838657304146,2.212646770352881,10.0,8.220138040561956,8.35497611490774,8.820092187040562,9.2117432448713,40.0,False,,
C0442,2,53,125.0,5.0,10.054823877287005,10.197429297713882,10.69913756787133,11.096553553178243,50.0,2.0182914730128707,2.074212250274761,2.250628704100551,2.44381908343298,10.0,8.327084642505165,8.521131304820676,9.236371188833113,9.784146070578707,40.0,False,,
C0443,7,45,125.0,3.3,11.22256507252946,11.406001310960269,12.14557872384148,12.571327094444325,50.0,1.9926781676016179,2.0577913888971637,2.259284006142539,2.4956658903162374,10.0,8.174511781293146,8.434504357066254,9.221283835926071,10.17761513082459,40.0,False,,
C0444,6,54,125.0,3.3,9.311342172239817,9.36945299345558,9.563461154116107,9.725813529789368,50.0,2.0381271390080977,2.061419336873698,2.1126646825974946,2.2068701850008816,10.0,7.912135331224577,8.219953711778249,9.170040255537828,10.335306537281596,40.0,False,,
C0445,5,49,125.0,3.3,10.736007283245067,10.883265460976453,11.370324479514258,11.810214150194493,50.0,1.9184173352015568,1.9566142930352441,2.0793543900202156,2.2023077705415024,10.0,8.225976261418726,8.451582294309913,9.125980256824615,9.941260656089575,40.0,False,,
C0446,7,45,125.0,5.0,10.07492120699364,10.203012698837723,10.571026985255644,11.006494990540746,50.0,1.9036224812765612,1.9088506992888505,1.926412072317316,1.9405229320773845,10.0,8.06837534845132,8.233304147277993,8.81885579369152,9.29613774759977,40.0,False,,
C0447,1,121,125.0,5.0,10.205585959007982,10.48843716821548,11.281856282121936,12.357988765072166,50.0,2.1266304557169367,2.1423929032810958,2.1964912255729443,2.2394515572507663,10.0,7.688750463255763,7.838367767172758,8.348199407640992,8.799233780733617,40.0,False,,
C0448,3,52,125.0,5.0,10.059173956694103,10.341748356021178,11.204130108459289,12.211917171018348,50.0,2.1372342342866517,2.2023777658906702,2.393848682907029,2.6371204419855947,10.0,8.74016492895001,8.963685605936023,9.662581807828236,10.430101661927248,40.0,False,,
C0449,1,121,125.0,5.0,10.222363409097616,10.41190540236526,10.941760545141111,11.625284720655534,50.0,1.9008893684412649,1.93004109403474,2.026721530359827,2.11458351336999,10.0,7.859328248155793,8.007423704734478,8.470213076879869,8.956474622885644,40.0,False,,
C0450,3,52,125.0,3.3,9.92315744781899,10.08271787057301,10.500434291321078,11.095426802352993,50.0,2.0967998804553867,2.115486498611508,2.1948695356649517,2.231155844547226,10.0,8.310300920179964,8.492266634718856,9.025421723580495,9.670854500282973,40.0,False,,
C0451,6,54,125.0,3.3,10.727025090728729,10.956575308603767,11.775665697990153,12.440791691775134,50.0,1.991304002439398,2.035699335909659,2.1757658641049247,2.3236464247919226,10.0,7.032554286921714,7.098809650068556,7.333836537901316,7.509657964895471,40.0,False,,
C0452,6,54,125.0,3.3,9.77176442788764,9.887405920568062,10.256580670719732,10.610567610508324,50.0,2.033980857449043,2.0640347057457826,2.1562219997182877,2.2539163838596883,10.0,8.510588353112372,8.791187318872401,9.67131771550321,10.680097785762095,40.0,False,,
C0453,8,52,125.0,3.3,10.566117286089623,10.6562640089351,10.952097577786807,11.213527137621185,50.0,2.046021863943506,2.0773091871641074,2.177430132832128,2.275340363172047,10.0,8.587505497861832,8.661342181689395,8.875127179915404,9.117887028156643,40.0,False,,
C0454,5,49,125.0,3.3,9.677816439893489,9.78037988596258,10.079040752316232,10.41899389368729,50.0,2.099435046812432,2.156945417441905,2.3628719370135696,2.5366434644265716,10.0,8.011933514850655,8.137551678190322,8.55230125405711,8.933719178350016,40.0,False,,
C0455,1,121,125.0,3.3,9.969874076799357,10.105981485264445,10.51645642698537,10.962546523871533,50.0,2.008271820186319,2.025106492916863,2.065834141290765,2.1291197899839736,10.0,8.223508413895104,8.39600417219055,8.927107031286797,9.509674968257912,40.0,False,,
C0456,1,121,125.0,3.3,9.46401872385489,9.5431877200725,9.831879681311348,10.032304886890426,50.0,2.1410161995301937,2.164452507652369,2.2385841179036667,2.310557107895313,10.0,8.223406072643025,8.551601130082172,9.605589280933,10.814878238657089,40.0,False,,
C0457,4,49,125.0,3.3,10.22751186017376,10.448636758000935,11.139310900360632,11.879481047496899,50.0,2.0309412839759924,2.0746893838264104,2.2028266427846073,2.3576937152316244,10.0,7.742886572143711,7.865016439509717,8.24352217378104,8.63932993296038,40.0,False,,
C0458,7,45,125.0,5.0,10.722562978463268,11.015258460717709,11.973849942289279,12.947061427560852,50.0,2.0624184272469535,2.1236600819518197,2.3121725505935427,2.531245941904345,10.0,8.218848922175736,8.328487067072047,8.70071890084982,9.017721643801467,40.0,False,,
C0459,2,53,125.0,5.0,9.961321910089573,10.00245237751929,10.1169410121293,10.252826222915962,50.0,1.9166737408462753,1.9787387090314397,2.1767147637033926,2.3956865285349394,10.0,7.676547812050978,7.787795044276004,8.198244264750402,8.489963807256846,40.0,False,,
C0460,6,54,125.0,5.0,9.901557150648046,10.102076427363283,10.709975862345036,11.393405587531454,50.0,2.2158659010704835,2.2454463432093275,2.3523187394839384,2.4314084718161406,10.0,7.75649723054187,8.040299488016016,8.981760861907505,9.974973029065923,40.0,False,,
C0461,1,121,125.0,3.3,9.442691518466036,9.610777490149673,10.06191889882807,10.68402376862326,50.0,2.0469824923204967,2.1071100845667967,2.3189950202225327,2.506835349943265,10.0,8.45077725728492,8.382127622307475,8.21236024294578,7.981783673923711,40.0,False,,
C0462,10,12,125.0,3.3,9.885353673223847,10.116820088078414,10.73701274821032,11.623981665704946,50.0,2.07129974253451,2.0964838000794437,2.1787591781743303,2.2541502941155946,10.0,8.389863076280081,8.473531991572603,8.720855286095684,8.993362009026557,40.0,False,,
C0463,6,54,125.0,3.3,9.203602870139235,9.386484094709477,9.944199661603772,10.562662781055362,50.0,1.8391814188788458,1.9095523502345615,2.133212050034439,2.3920682095089463,10.0,7.717449799153683,8.082584630136099,9.252091382253703,10.66618091685805,40.0,False,,
C0464,1,121,125.0,3.3,9.543561006640587,9.662361483792104,10.027709917568306,10.406872725634544,50.0,1.91772979769209,1.9645957270610688,2.1121780808956196,2.270846965594171,10.0,7.7065694625995835,8.134408647496402,9.565785830416313,11.249036349010641,40.0,True,compound,
C0465,1,121,125.0,5.0,10.113393023054568,10.187990492241253,10.348124729145308,10.647273428763611,50.0,2.123788368791873,2.1944782146331696,2.4158054943892138,2.670862242789455,10.0,7.741761359016931,7.810973870752783,8.029214970541515,8.239438473627693,40.0,False,,
C0466,7,45,125.0,5.0,10.659506598870697,10.875833138829215,11.549520855086035,12.269168594991038,50.0,2.0286891118292605,2.0559448318961424,2.1338178923778797,2.2273435473723606,10.0,8.293055826586196,8.455440661454787,8.898175750165215,9.498744127407758,40.0,False,,
C0467,3,52,125.0,3.3,11.404605430614751,11.750025943869472,12.853790445207,14.053684259270609,50.0,1.8086220265171074,1.8812064858769393,2.0981231628873354,2.382146013176451,10.0,7.600006087675841,7.757132760556932,8.23474390944584,8.770511638225361,40.0,False,,
C0468,3,52,125.0,3.3,9.70670745746455,9.68591691594657,9.520067014744756,9.562105480709214,50.0,2.1038289928983818,2.158345949690966,2.346788555010495,2.51642958022759,10.0,8.14268505561438,8.374436070676806,9.10624494868971,9.910217285525631,40.0,False,,
C0469,4,49,125.0,3.3,10.71765007832272,10.969056844940061,11.705411871304975,12.606297972786017,50.0,1.9456217195647276,1.9647663156854882,2.033133254359157,2.083655384322653,10.0,8.298738724253719,8.617368963780452,9.623933558499894,10.803146565214243,40.0,False,,
C0470,6,54,125.0,3.3,10.121876240200823,10.44472583210625,11.499754588815195,12.60994446815867,50.0,2.1411316985876714,2.1727725189317177,2.2979766538719644,2.372681977820797,10.0,7.96470181988276,8.154942839110447,8.818217538031666,9.395703863645362,40.0,False,,
C0471,1,121,125.0,5.0,9.924376176626811,10.107676836557065,10.698808526865202,11.280806035455013,50.0,1.99121643213963,2.046595769305624,2.206708884114632,2.412757636596758,10.0,8.404025478745972,34.16100876404387,35.09865460552207,36.05747632441472,40.0,True,single,t_pd
C0472,1,121,125.0,5.0,10.216297225863077,10.476833492718518,11.233812786746219,12.185663336985117,50.0,2.020470668602053,2.082148453676693,2.2953240294583384,2.4938282164756123,10.0,7.878275932204083,8.097850135016111,8.85435640517269,9.549948287170938,40.0,False,,
C0473,6,54,125.0,5.0,10.03095824183998,10.336404665420092,11.309691176602875,12.374623348294621,50.0,2.1178954578591647,2.230445337437119,2.60527024963418,3.043084248559978,10.0,7.914457759602434,8.15417776767581,8.917789238515283,9.752910369189388,40.0,True,compound,
C0474,5,49,125.0,5.0,10.055197862806109,10.24429931254363,10.888590040900793,11.455975792936108,50.0,1.9102507029145337,1.9493088020988387,2.079688916052459,2.2010114304968162,10.0,7.6091015075472574,7.68265583871285,7.910830441597687,8.139156191037802,40.0,False,,
C0475,3,52,125.0,5.0,9.795833418586666,9.83296809884558,9.983859714998571,10.058751152715734,50.0,1.900715319216606,1.9531437578661477,2.101806307492623,2.299519092275448,10.0,8.406870939048082,8.427055090318808,8.448150034615724,8.549181747435775,40.0,False,,
C0476,1,121,125.0,5.0,9.300945170100574,9.268917987787624,9.169126104669216,9.0790576008461,50.0,1.9803501579601892,2.0225672314768905,2.170511848268637,2.2954553169350107,10.0,7.6933918212084516,7.726848197738716,7.828559742055488,7.930664036051478,40.0,False,,
C0477,4,49,125.0,5.0,9.228187398738958,9.499751341582028,10.339090731529769,11.30543382367503,50.0,2.082717279962122,2.0974315763387748,2.1506255285803153,2.1879263140358267,10.0,8.139908727086024,49.34621524404047,53.56017738095693,58.3542291216938,40.0,True,single,t_pd
C0478,1,121,125.0,5.0,10.326622441640614,10.431438183218013,10.718477480742722,11.08305602633877,50.0,1.8669122747386508,1.8890730083769796,1.9567652952999783,2.0276721317538122,10.0,7.971473573149626,8.037015844533084,8.18058993078433,8.4417426345407,40.0,False,,
C0479,6,54,125.0,3.3,9.861649954957143,10.013960392534688,10.509677755908205,10.978514700567459,50.0,1.8331965400110903,1.8741706814740444,2.009130109761991,2.1399804448311577,10.0,7.578886774755335,7.754204351997347,8.282464048510551,8.894636021324727,40.0,False,,
C0480,7,45,125.0,5.0,9.701955550171917,9.761482650034278,9.951963202191077,10.126394060060697,50.0,2.082372092704379,2.1493304011913437,2.354356801908951,2.5987964335055347,10.0,7.756358742470672,7.8184560089454305,7.994802832666481,8.201620175627049,40.0,False,,
C0481,1,121,125.0,5.0,10.004252813361576,10.063280935940494,10.274696475537203,10.42483598153903,50.0,1.9397021687432996,2.0098414582461475,2.2293691305642387,2.4872663528076413,10.0,8.553148895616294,8.45532941393513,8.185419912901182,7.891463099485298,40.0,False,,
C0482,1,121,125.0,5.0,10.397466126457815,10.58734073300462,11.185393945543325,11.8016613025274,50.0,1.9607773987079717,2.015277783380897,2.1829674850461336,2.375607385347105,10.0,8.080663017053793,8.157921284694947,8.413519572051944,8.637232246086556,40.0,False,,
C0483,7,45,125.0,5.0,10.0901819715132,10.218369944432517,10.656234899686627,11.022430288113389,50.0,1.8143189598059835,1.855817709749357,1.9676980007561995,2.1255208503944556,10.0,7.596339863453263,7.712422598202916,8.047962753437503,8.44713446090257,40.0,False,,
C0484,4,49,125.0,5.0,9.671972531679517,9.90196923341687,10.63032355905946,11.401465603359712,50.0,1.9321020685648018,1.9852119585168657,2.16274142595085,2.3359728216838396,10.0,8.122131314939477,8.235398538787678,8.604891720162215,8.948954641456256,40.0,False,,
C0485,2,53,125.0,5.0,10.613146477824476,10.8734379726557,11.739122833202785,12.574861791589852,50.0,1.999243270336885,2.025898164240948,2.120573599008329,2.193458487184884,10.0,7.941554387362182,8.221059353946156,9.111692019606183,10.117224779385154,40.0,False,,
C0486,1,121,125.0,3.3,10.789592751490815,11.040002976703656,11.878140733713002,12.669340752977755,50.0,2.0930377857622893,2.1316913595798446,2.244091016534661,2.3790735111051418,10.0,9.381618560897673,9.511690709494347,9.770597638045814,10.330882245849807,40.0,False,,
C0487,3,52,125.0,5.0,10.247278327661427,10.476673981353093,11.151096921360796,11.965003027691063,50.0,1.9228769833765362,1.9454875030904955,2.018434843052653,2.086844610371359,10.0,8.114049536536909,8.347809093450605,9.068245636395133,9.898779076212584,40.0,False,,
C0488,4,49,125.0,5.0,10.486831755672045,10.86202628793118,11.960967367481235,13.41251262092836,50.0,2.16573761202325,2.182007875866257,2.228592894897148,2.282228703790026,10.0,7.847750061173454,8.003215355418856,8.53412934563491,9.002861008999394,40.0,False,,
C0489,3,52,125.0,5.0,10.620979998406906,10.720010677700548,11.107744562814576,11.333889645596907,50.0,1.93154439758202,1.9766179327811095,2.121724996232953,2.2700266072136217,10.0,8.568011167114841,8.735746716837292,9.181055796828181,9.81341335800681,40.0,False,,
C0490,1,121,125.0,3.3,10.565049658202257,10.770546755472298,11.425976945939441,12.090242072376014,50.0,1.9316908198414826,1.9739081797511941,2.0995684113806745,2.247309728742193,10.0,7.263585533082862,7.348178681937528,7.612202013370984,7.876832822425192,40.0,False,,
C0491,1,121,125.0,5.0,10.307049588556312,11.052994298725837,13.630653802726458,16.809447111648222,50.0,2.15373575518978,2.3022901811998793,2.8123087051718074,3.4353099004501555,10.0,8.03772806255244,8.401563663717734,9.594902462451035,10.95774036225192,40.0,True,compound,
C0492,8,52,125.0,3.3,10.29917352353744,10.635394143246122,11.669558330608293,12.896173673855563,50.0,2.0211460152363916,2.0726066530499363,2.2467411838768947,2.410083430724512,10.0,8.79777139787243,8.906415417611468,9.205321766509623,9.587041266409326,40.0,False,,
C0493,1,121,125.0,3.3,10.259830286673251,10.319156354906353,10.539721090711046,10.682386536238837,50.0,1.9447975270988422,1.9884124174291724,2.124535391687613,2.2714276312057105,10.0,7.953520286256098,8.126113610307025,8.666785472972851,9.243232351912571,40.0,False,,
C0494,6,54,125.0,5.0,9.451331162726479,9.610836038785315,10.091552774014282,10.626011810024398,50.0,1.9844866868819406,2.0352224042469165,2.2175419018899882,2.3680669971684307,10.0,7.306679582140768,7.4355511701137855,7.78487371033743,8.25794127942352,40.0,False,,
C0495,4,49,125.0,5.0,10.350361578429792,10.697939254093583,11.782042690308398,13.04270773872273,50.0,2.135307357754206,2.1771020896150275,2.3079932701744017,2.4456211597270725,10.0,7.841632814235761,7.924391216538886,8.24448087046012,8.439609267147292,40.0,False,,
C0496,7,45,125.0,5.0,9.322093014436723,9.555898481499032,10.365188047996437,11.087154500840747,50.0,2.1466202819625684,2.198415898034142,2.35048841954921,2.5365160915653857,10.0,8.581807216383615,8.838565820734614,9.651836289276376,10.548727605101305,40.0,False,,
C0497,7,45,125.0,3.3,9.602700272437472,9.813504801542098,10.419246348151617,11.179148727140296,50.0,1.9183206820729743,1.942757317455986,2.030330392199095,2.096054735014707,10.0,8.150427838528309,8.348225720608648,8.972981026278756,9.639995730602772,40.0,False,,
C0498,3,52,125.0,5.0,10.651782533904044,10.841630884427868,11.386099090492896,12.053927418285566,50.0,1.9957566189920892,2.04305018185368,2.198674860141434,2.3512985077151742,10.0,7.664457556194993,7.783405129235434,8.20663632483863,8.536874802574843,40.0,False,,
C0499,5,49,125.0,5.0,10.420110081347099,10.588519804022065,11.121999452432277,11.657701490914437,50.0,2.009015682766757,2.0626246125458745,2.240300754429685,2.4156911506236747,10.0,7.725902877128391,7.891661586177881,8.438399697465357,8.963625589798403,40.0,False,,
C0500,8,52,125.0,5.0,10.743699144842932,10.989538516756301,11.784287858583893,12.58731668050365,50.0,1.9013759889483401,1.9266703468514959,2.0165236924205097,2.0856616778246,10.0,7.776119891540075,7.925124149602772,8.352757546664376,8.881060586594623,40.0,False,,
